dataset,strategy,budget_fraction,seed,brier,ece
higgs,random,0.1,1,0.4143865,0.03147743624448777
higgs,stratified,0.1,1,0.40821445,0.03880632037147879
higgs,random,0.1,2,0.4066352,0.023701151812076583
higgs,stratified,0.1,2,0.3969376,0.02525283679962159
higgs,random,0.1,3,0.39979264,0.029548781774193046
higgs,stratified,0.1,3,0.4062721,0.04513708857595921
higgs,random,0.1,4,0.41932184,0.06455203885734083
higgs,stratified,0.1,4,0.40769467,0.026393867141008383
higgs,random,0.25,1,0.39317262,0.023955558964610112
higgs,stratified,0.25,1,0.3898794,0.02491745530366898
higgs,random,0.25,2,0.39140424,0.025322835437953477
higgs,stratified,0.25,2,0.38388106,0.014305681133270267
higgs,random,0.25,3,0.38830864,0.026144085425883538
higgs,stratified,0.25,3,0.39122298,0.036231943289190535
higgs,random,0.25,4,0.39187953,0.029729918759316208
higgs,stratified,0.25,4,0.39265245,0.03317308540120722
higgs,random,0.5,1,0.38253003,0.016495177599042656
higgs,stratified,0.5,1,0.3800761,0.0164529558725655
higgs,random,0.5,2,0.38253427,0.02519299132004379
higgs,stratified,0.5,2,0.3805143,0.011804628246277562
higgs,random,0.5,3,0.38279238,0.026797266782075172
higgs,stratified,0.5,3,0.38313058,0.027821890462934987
higgs,random,0.5,4,0.38156557,0.031448472306877376
higgs,stratified,0.5,4,0.38224712,0.027684182231128215
higgs,random,1.0,1,0.3738142,0.009588769934326424
higgs,stratified,1.0,1,0.37854928,0.018031911217048772
higgs,random,1.0,2,0.37387243,0.017002147109061488
higgs,stratified,1.0,2,0.37623966,0.020045528961718087
higgs,random,1.0,3,0.3777031,0.031232640493661167
higgs,stratified,1.0,3,0.3764148,0.02360300803631545
higgs,random,1.0,4,0.3775417,0.024244283562898643
higgs,stratified,1.0,4,0.37708324,0.024946231666207325
MiniBooNE,random,0.1,1,0.116492406,0.011117974622268233
MiniBooNE,stratified,0.1,1,0.11596819,0.007338159598596402
MiniBooNE,random,0.1,2,0.11239653,0.009521252705156805
MiniBooNE,stratified,0.1,2,0.11400407,0.016639539042487744
MiniBooNE,random,0.1,3,0.11524348,0.011055319063365467
MiniBooNE,stratified,0.1,3,0.111291274,0.006249711740389461
MiniBooNE,random,0.1,4,0.11233894,0.010298896590620289
MiniBooNE,stratified,0.1,4,0.11233796,0.005515968533419079
MiniBooNE,random,0.25,1,0.102519974,0.004345573404058812
MiniBooNE,stratified,0.25,1,0.102806054,0.013496307630930097
MiniBooNE,random,0.25,2,0.10388584,0.009943534616846593
MiniBooNE,stratified,0.25,2,0.100915216,0.010027644732408232
MiniBooNE,random,0.25,3,0.10185477,0.01113116752952337
MiniBooNE,stratified,0.25,3,0.09965857,0.0052743188283406305
MiniBooNE,random,0.25,4,0.10149662,0.01035475469082595
MiniBooNE,stratified,0.25,4,0.10111268,0.006607719418592757
MiniBooNE,random,0.5,1,0.097786576,0.004895240240637221
MiniBooNE,stratified,0.5,1,0.098534,0.006813961796835052
MiniBooNE,random,0.5,2,0.09785108,0.010328590033855292
MiniBooNE,stratified,0.5,2,0.10020366,0.02072130139525979
MiniBooNE,random,0.5,3,0.09450589,0.006894530031085007
MiniBooNE,stratified,0.5,3,0.097462974,0.006957598425447945
MiniBooNE,random,0.5,4,0.09828765,0.008277512031886735
MiniBooNE,stratified,0.5,4,0.09753428,0.009338574736425652
MiniBooNE,random,1.0,1,0.093434684,0.003653367576003067
MiniBooNE,stratified,1.0,1,0.09620162,0.0073305929461494074
MiniBooNE,random,1.0,2,0.10065811,0.022127914648596196
MiniBooNE,stratified,1.0,2,0.09979304,0.024311914377566423
MiniBooNE,random,1.0,3,0.09539664,0.004982072672620414
MiniBooNE,stratified,1.0,3,0.09681288,0.0069272617883980245
MiniBooNE,random,1.0,4,0.09470094,0.011316725026164206
MiniBooNE,stratified,1.0,4,0.09532559,0.0126951122296974
covertype,random,0.1,1,0.3473624,0.01707533316612245
covertype,stratified,0.1,1,0.3827335,0.01698287936449047
covertype,random,0.1,2,0.38192657,0.029218938022851963
covertype,stratified,0.1,2,0.37320748,0.009582299199700339
covertype,random,0.1,3,0.3662368,0.016197646653652215
covertype,stratified,0.1,3,0.390756,0.015563985967636109
covertype,random,0.1,4,0.3838981,0.02580086753964422
covertype,stratified,0.1,4,0.37785077,0.025724218177795403
covertype,random,0.25,1,0.31658027,0.01918900957107542
covertype,stratified,0.25,1,0.32587135,0.03811181606054303
covertype,random,0.25,2,0.32725567,0.015959046727418897
covertype,stratified,0.25,2,0.3247983,0.011277455231547374
covertype,random,0.25,3,0.31700867,0.05401101375818253
covertype,stratified,0.25,3,0.31161752,0.017004289144277585
covertype,random,0.25,4,0.3231603,0.01200720442533494
covertype,stratified,0.25,4,0.31983232,0.011989744016528128
covertype,random,0.5,1,0.2653912,0.01888682102859022
covertype,stratified,0.5,1,0.26731792,0.01066576555967334
covertype,random,0.5,2,0.26381093,0.01080139171779155
covertype,stratified,0.5,2,0.26889375,0.0063221545398235365
covertype,random,0.5,3,0.26266608,0.0342926687449217
covertype,stratified,0.5,3,0.25397032,0.0067909093052148555
covertype,random,0.5,4,0.2534229,0.010799958392977746
covertype,stratified,0.5,4,0.25730684,0.01288635225594048
covertype,random,1.0,1,0.22991943,0.006287365186214441
covertype,stratified,1.0,1,0.23337308,0.01400992718935014
covertype,random,1.0,2,0.22092153,0.036205400013923646
covertype,stratified,1.0,2,0.28304097,0.03987196881771088
covertype,random,1.0,3,0.23047146,0.009120958971977244
covertype,stratified,1.0,3,0.21030332,0.006991076934337641
covertype,random,1.0,4,0.22223471,0.019159032961726163
covertype,stratified,1.0,4,0.2181063,0.007578541374206559
bank-marketing,random,0.1,1,0.14530309,0.025154780710193683
bank-marketing,stratified,0.1,1,0.14008468,0.016724974243686113
bank-marketing,random,0.1,2,0.13775206,0.018907585986972803
bank-marketing,stratified,0.1,2,0.13970624,0.020563468093285877
bank-marketing,random,0.1,3,0.14093973,0.013265375490771527
bank-marketing,stratified,0.1,3,0.14018485,0.02500741421907768
bank-marketing,random,0.1,4,0.13860852,0.010087992214708682
bank-marketing,stratified,0.1,4,0.13849866,0.014107924938262873
bank-marketing,random,0.25,1,0.1350979,0.018753591135912937
bank-marketing,stratified,0.25,1,0.13639374,0.017664708349333456
bank-marketing,random,0.25,2,0.13244158,0.017088930680235575
bank-marketing,stratified,0.25,2,0.13549666,0.0165244616214015
bank-marketing,random,0.25,3,0.13342483,0.015256487746189209
bank-marketing,stratified,0.25,3,0.13036577,0.014851069798046087
bank-marketing,random,0.25,4,0.13247707,0.015335143883023086
bank-marketing,stratified,0.25,4,0.1332332,0.015355572827843379
bank-marketing,random,0.5,1,0.13250116,0.020674602986869222
bank-marketing,stratified,0.5,1,0.12903406,0.009913482663824039
bank-marketing,random,0.5,2,0.12771787,0.020845755600312488
bank-marketing,stratified,0.5,2,0.12986805,0.013853396662897857
bank-marketing,random,0.5,3,0.12877952,0.015923004285577098
bank-marketing,stratified,0.5,3,0.12820432,0.018408124312555764
bank-marketing,random,0.5,4,0.130654,0.021433911918127258
bank-marketing,stratified,0.5,4,0.12868425,0.015519845477283417
bank-marketing,random,1.0,1,0.12645426,0.014110798711155111
bank-marketing,stratified,1.0,1,0.12579338,0.015724054455219957
bank-marketing,random,1.0,2,0.1247963,0.018090932357392647
bank-marketing,stratified,1.0,2,0.12581953,0.018198605722806554
bank-marketing,random,1.0,3,0.12487366,0.012062485262349517
bank-marketing,stratified,1.0,3,0.12526824,0.017558279684851366
bank-marketing,random,1.0,4,0.12855358,0.021792483845496816
bank-marketing,stratified,1.0,4,0.12715785,0.01538196962747369
higgs,prototype,0.1,1,0.45006016,0.030701268754899497
higgs,prototype,0.1,2,0.45204386,0.033067881399393075
higgs,prototype,0.1,3,0.45507792,0.055593824577331544
higgs,prototype,0.1,4,0.44781488,0.05032320952415466
higgs,prototype,0.25,1,0.42422017,0.029440741446614262
higgs,prototype,0.25,2,0.42320302,0.03977959413602949
higgs,prototype,0.25,3,0.42332235,0.05175276791751385
higgs,prototype,0.25,4,0.4226164,0.037312039060890693
higgs,prototype,0.5,1,0.4040993,0.02585650594830514
higgs,prototype,0.5,2,0.40701273,0.018100441989302635
higgs,prototype,0.5,3,0.41446757,0.031184836786985384
higgs,prototype,0.5,4,0.4192296,0.024448522976785892
higgs,prototype,1.0,1,0.40236765,0.03033300507217646
higgs,prototype,1.0,2,0.39668354,0.020168015596270565
higgs,prototype,1.0,3,0.40026182,0.028890207640826705
higgs,prototype,1.0,4,0.39834297,0.021221726188063634
MiniBooNE,prototype,0.1,1,0.30232057,0.10530589858368038
MiniBooNE,prototype,0.1,2,0.27544457,0.04629970086812973
MiniBooNE,prototype,0.1,3,0.3041932,0.09136669552326203
MiniBooNE,prototype,0.1,4,0.3622951,0.14047038641385734
MiniBooNE,prototype,0.25,1,0.19522734,0.044390701492503286
MiniBooNE,prototype,0.25,2,0.22674575,0.033452911602333185
MiniBooNE,prototype,0.25,3,0.21533531,0.029435581286996606
MiniBooNE,prototype,0.25,4,0.24146433,0.0663522484280169
MiniBooNE,prototype,0.5,1,0.14322795,0.025994093209505083
MiniBooNE,prototype,0.5,2,0.14922518,0.04537927923351525
MiniBooNE,prototype,0.5,3,0.15487583,0.03780480265244841
MiniBooNE,prototype,0.5,4,0.15558267,0.040003090907633314
MiniBooNE,prototype,1.0,1,0.1348506,0.02918360867910087
MiniBooNE,prototype,1.0,2,0.13226593,0.044162136185541746
MiniBooNE,prototype,1.0,3,0.12510403,0.03302187318876386
MiniBooNE,prototype,1.0,4,0.12715758,0.028704842052236196
bank-marketing,prototype,0.1,1,0.21124296,0.1457245376092478
bank-marketing,prototype,0.1,2,0.19286357,0.12844292286144518
bank-marketing,prototype,0.1,3,0.19600607,0.12333813089810221
bank-marketing,prototype,0.1,4,0.21762161,0.15171531441348668
bank-marketing,prototype,0.25,1,0.17467718,0.07856227116755886
bank-marketing,prototype,0.25,2,0.17711958,0.09810335875664825
bank-marketing,prototype,0.25,3,0.16450047,0.07550425425025196
bank-marketing,prototype,0.25,4,0.16747478,0.07308676677059708
bank-marketing,prototype,0.5,1,0.1493525,0.055763923567697604
bank-marketing,prototype,0.5,2,0.14825319,0.054871335609582336
bank-marketing,prototype,0.5,3,0.15035282,0.0547949106043305
bank-marketing,prototype,0.5,4,0.14316905,0.041477399270058356
bank-marketing,prototype,1.0,1,0.13057935,0.016547978911798083
bank-marketing,prototype,1.0,2,0.1338007,0.01464209674674135
bank-marketing,prototype,1.0,3,0.13215956,0.021977507589519003
bank-marketing,prototype,1.0,4,0.13252988,0.020976284390102636
higgs,coreset,0.1,1,0.4345297,0.03915934177935124
higgs,coreset,0.1,2,0.45775914,0.09926078821569682
higgs,coreset,0.1,3,0.45504814,0.05580849822759626
higgs,coreset,0.1,4,0.42641908,0.01458882344141602
higgs,coreset,0.25,1,0.41498092,0.00910631913729013
higgs,coreset,0.25,2,0.46357208,0.10769868107549847
higgs,coreset,0.25,3,0.44618908,0.08461421588137745
higgs,coreset,0.25,4,0.43448856,0.063541170950979
higgs,coreset,0.5,1,0.40690756,0.029517249178141372
higgs,coreset,0.5,2,0.4328419,0.07165579487383365
higgs,coreset,0.5,3,0.42343584,0.04876535664200781
higgs,coreset,0.5,4,0.4123545,0.03898221421837808
higgs,coreset,1.0,1,0.39465553,0.016727987225353708
higgs,coreset,1.0,2,0.4047754,0.04644632628485561
higgs,coreset,1.0,3,0.38958165,0.02466605969071389
higgs,coreset,1.0,4,0.39003736,0.022468243503570573
MiniBooNE,coreset,0.1,1,0.1562251,0.023059122405946264
MiniBooNE,coreset,0.1,2,0.1527736,0.019036074370145793
MiniBooNE,coreset,0.1,3,0.17537962,0.0754696096720174
MiniBooNE,coreset,0.1,4,0.14373271,0.03258734734579921
MiniBooNE,coreset,0.25,1,0.119710766,0.007279374325182283
MiniBooNE,coreset,0.25,2,0.12637758,0.01572315556704998
MiniBooNE,coreset,0.25,3,0.11836426,0.010296216501854357
MiniBooNE,coreset,0.25,4,0.13284974,0.034945818432699886
MiniBooNE,coreset,0.5,1,0.11166315,0.013578503904119132
MiniBooNE,coreset,0.5,2,0.11921116,0.019500052393972872
MiniBooNE,coreset,0.5,3,0.107055165,0.00920186933167279
MiniBooNE,coreset,0.5,4,0.118272826,0.031896680291369564
MiniBooNE,coreset,1.0,1,0.10252009,0.014005633316934111
MiniBooNE,coreset,1.0,2,0.107514635,0.014799802844226356
MiniBooNE,coreset,1.0,3,0.10487299,0.015010969345457844
MiniBooNE,coreset,1.0,4,0.1063485,0.024431398201733835
covertype,coreset,0.1,1,0.38425463,0.0468762079000473
covertype,coreset,0.1,2,0.37880138,0.038180509790778194
covertype,coreset,0.1,3,0.39613414,0.06009821146428584
covertype,coreset,0.1,4,0.40610376,0.08574420880973341
covertype,coreset,0.25,1,0.34559506,0.07604901210665703
covertype,coreset,0.25,2,0.3697439,0.11183079122900963
covertype,coreset,0.25,3,0.34236518,0.06060161342322826
covertype,coreset,0.25,4,0.33895224,0.06528011780083179
covertype,coreset,0.5,1,0.29796416,0.04520971681177616
covertype,coreset,0.5,2,0.3113008,0.0762188563466072
covertype,coreset,0.5,3,0.29799107,0.05801035755574706
covertype,coreset,0.5,4,0.3085519,0.07304403101503845
covertype,coreset,1.0,1,0.25394058,0.019923419880866988
covertype,coreset,1.0,2,0.2501291,0.026159605884552007
covertype,coreset,1.0,3,0.25154173,0.025522883242368725
covertype,coreset,1.0,4,0.24679103,0.036548302304744734
bank-marketing,coreset,0.1,1,0.1504583,0.013486644302569078
bank-marketing,coreset,0.1,2,0.14807115,0.006341309367087803
bank-marketing,coreset,0.1,3,0.145352,0.03802482696831141
bank-marketing,coreset,0.1,4,0.15266702,0.027037554669041397
bank-marketing,coreset,0.25,1,0.13719434,0.007796255676593842
bank-marketing,coreset,0.25,2,0.13373415,0.014024998348799084
bank-marketing,coreset,0.25,3,0.13576332,0.01967368229365146
bank-marketing,coreset,0.25,4,0.1377441,0.014439735665009454
bank-marketing,coreset,0.5,1,0.13273291,0.011254865938990596
bank-marketing,coreset,0.5,2,0.12786402,0.007584878916534045
bank-marketing,coreset,0.5,3,0.13109837,0.00504210248159437
bank-marketing,coreset,0.5,4,0.12880225,0.00548606112238502
bank-marketing,coreset,1.0,1,0.12605426,0.009365513190597434
bank-marketing,coreset,1.0,2,0.12343046,0.00578618800611764
bank-marketing,coreset,1.0,3,0.12612087,0.007234078357503912
bank-marketing,coreset,1.0,4,0.124563,0.008060660666277272
higgs,stratified_coreset,0.1,1,0.5129844,0.15184804657325146
higgs,stratified_coreset,0.1,2,0.49212724,0.15425079219341278
higgs,stratified_coreset,0.1,3,0.50125325,0.16377092132121326
higgs,stratified_coreset,0.1,4,0.5080487,0.18151219698153437
higgs,stratified_coreset,0.25,1,0.46238446,0.13454688872694967
higgs,stratified_coreset,0.25,2,0.46433827,0.12914848166219892
higgs,stratified_coreset,0.25,3,0.4932276,0.17050647018849846
higgs,stratified_coreset,0.25,4,0.48299727,0.16740958167351783
higgs,stratified_coreset,0.5,1,0.4314025,0.09479013075232508
higgs,stratified_coreset,0.5,2,0.43806934,0.0964406089566648
higgs,stratified_coreset,0.5,3,0.4567256,0.13539400814473626
higgs,stratified_coreset,0.5,4,0.4413784,0.11021873214468358
higgs,stratified_coreset,1.0,1,0.4090067,0.07529078068733216
higgs,stratified_coreset,1.0,2,0.42087892,0.08601414800621568
higgs,stratified_coreset,1.0,3,0.41603985,0.07964360631778836
higgs,stratified_coreset,1.0,4,0.41602993,0.09137252796329559
MiniBooNE,stratified_coreset,0.1,1,0.36859927,0.18743974150680004
MiniBooNE,stratified_coreset,0.1,2,0.37274444,0.19016189491041008
MiniBooNE,stratified_coreset,0.1,3,0.3612029,0.18618452725037932
MiniBooNE,stratified_coreset,0.1,4,0.39404958,0.19657954813688994
MiniBooNE,stratified_coreset,0.25,1,0.30302954,0.15203468736819925
MiniBooNE,stratified_coreset,0.25,2,0.30377683,0.1589053240701556
MiniBooNE,stratified_coreset,0.25,3,0.27584848,0.14890933612063528
MiniBooNE,stratified_coreset,0.25,4,0.32294896,0.1660660928979516
MiniBooNE,stratified_coreset,0.5,1,0.24424331,0.12641554971113803
MiniBooNE,stratified_coreset,0.5,2,0.26260218,0.13488480406645686
MiniBooNE,stratified_coreset,0.5,3,0.24678543,0.12322698000222444
MiniBooNE,stratified_coreset,0.5,4,0.26560318,0.14226472832374273
MiniBooNE,stratified_coreset,1.0,1,0.21196076,0.11040812948299572
MiniBooNE,stratified_coreset,1.0,2,0.19189437,0.09592642055600882
MiniBooNE,stratified_coreset,1.0,3,0.18378349,0.0900144802725874
MiniBooNE,stratified_coreset,1.0,4,0.21057358,0.11007319261133672
covertype,stratified_coreset,0.1,1,0.46497846,0.05115323811471462
covertype,stratified_coreset,0.1,2,0.4670128,0.020672278654575348
covertype,stratified_coreset,0.1,3,0.46922573,0.0783515283882618
covertype,stratified_coreset,0.1,4,0.46347162,0.05290743464827539
covertype,stratified_coreset,0.25,1,0.36834586,0.008158147737383837
covertype,stratified_coreset,0.25,2,0.3898957,0.025546740841865548
covertype,stratified_coreset,0.25,3,0.3823982,0.011061117425560938
covertype,stratified_coreset,0.25,4,0.40256286,0.03208862049281594
covertype,stratified_coreset,0.5,1,0.331472,0.012412213903665547
covertype,stratified_coreset,0.5,2,0.34523696,0.015007002630829804
covertype,stratified_coreset,0.5,3,0.33323514,0.01098387360274791
covertype,stratified_coreset,0.5,4,0.33562034,0.017200618463754647
covertype,stratified_coreset,1.0,1,0.29147086,0.03057729330360888
covertype,stratified_coreset,1.0,2,0.29801118,0.03396718613803386
covertype,stratified_coreset,1.0,3,0.2991921,0.05854357404708861
covertype,stratified_coreset,1.0,4,0.2958306,0.044126004374027236
bank-marketing,stratified_coreset,0.1,1,0.18995236,0.04200573856293015
bank-marketing,stratified_coreset,0.1,2,0.18913522,0.05041629966811033
bank-marketing,stratified_coreset,0.1,3,0.1912256,0.043910384698870125
bank-marketing,stratified_coreset,0.1,4,0.19211812,0.04417185757869867
bank-marketing,stratified_coreset,0.25,1,0.18453044,0.06010986837295519
bank-marketing,stratified_coreset,0.25,2,0.1702598,0.05384199620512594
bank-marketing,stratified_coreset,0.25,3,0.16786265,0.05254642122617624
bank-marketing,stratified_coreset,0.25,4,0.1778347,0.06146865110503689
bank-marketing,stratified_coreset,0.5,1,0.17297637,0.0651020273812594
bank-marketing,stratified_coreset,0.5,2,0.1644378,0.0579546338492469
bank-marketing,stratified_coreset,0.5,3,0.16212326,0.060482133557045924
bank-marketing,stratified_coreset,0.5,4,0.16574444,0.05798931594105483
bank-marketing,stratified_coreset,1.0,1,0.15996967,0.05884021666507752
bank-marketing,stratified_coreset,1.0,2,0.15084377,0.053836456624918524
bank-marketing,stratified_coreset,1.0,3,0.1504173,0.05087535680625656
bank-marketing,stratified_coreset,1.0,4,0.15193644,0.05247652255403221
covertype,prototype,0.1,1,0.54136664,0.10163344975411893
covertype,prototype,0.1,2,0.5287922,0.13540345312356947
covertype,prototype,0.1,3,0.53174114,0.08129538366794588
covertype,prototype,0.1,4,0.5194329,0.14491893095374112
covertype,prototype,0.25,1,0.52931994,0.08329803198277949
covertype,prototype,0.25,2,0.53879845,0.05480921995639806
covertype,prototype,0.25,3,0.5272254,0.09011725726425646
covertype,prototype,0.25,4,0.5220126,0.08329449464082721
covertype,prototype,0.5,1,0.4935231,0.08581026883125306
covertype,prototype,0.5,2,0.51143676,0.06567107430994512
covertype,prototype,0.5,3,0.49045658,0.10562518434822558
covertype,prototype,0.5,4,0.49588013,0.1315847886234522
covertype,prototype,1.0,1,0.473346,0.1362015276521444
covertype,prototype,1.0,2,0.48854542,0.08420723312199115
covertype,prototype,1.0,3,0.45548603,0.12610404430329797
covertype,prototype,1.0,4,0.46425682,0.12387602644264699
nomao,random,0.1,1,0.07765197,0.014166637937337452
nomao,stratified,0.1,1,0.07822079,0.008398678610970137
nomao,coreset,0.1,1,0.08597421,0.02257303561354329
nomao,prototype,0.1,1,0.16913778,0.1071294032444754
nomao,stratified_coreset,0.1,1,0.10698701,0.05944516676336625
nomao,random,0.1,2,0.08288105,0.011488267379853047
nomao,stratified,0.1,2,0.085263,0.0187977275659946
nomao,coreset,0.1,2,0.08316597,0.014440587593274158
nomao,prototype,0.1,2,0.15818943,0.08663893874367679
nomao,stratified_coreset,0.1,2,0.111236446,0.06655938401720993
nomao,random,0.1,3,0.07685348,0.006510098942405649
nomao,stratified,0.1,3,0.087258846,0.015502706354374004
nomao,coreset,0.1,3,0.08562846,0.025126061168923946
nomao,prototype,0.1,3,0.19665313,0.08935743213417599
nomao,stratified_coreset,0.1,3,0.10479266,0.05706531173500547
nomao,random,0.1,4,0.08060547,0.013033361570177591
nomao,stratified,0.1,4,0.08008836,0.009084587904571844
nomao,coreset,0.1,4,0.08311317,0.020385807260371556
nomao,prototype,0.1,4,0.18750936,0.12416043930132918
nomao,stratified_coreset,0.1,4,0.09933075,0.0572912159539196
nomao,random,0.25,1,0.069592796,0.011938052692397992
nomao,stratified,0.25,1,0.07151724,0.00989114053587377
nomao,coreset,0.25,1,0.06809861,0.010339092470280746
nomao,prototype,0.25,1,0.11856456,0.06343212440862858
nomao,stratified_coreset,0.25,1,0.07553408,0.03408050022172974
nomao,random,0.25,2,0.06664187,0.010823610049980314
nomao,stratified,0.25,2,0.06647993,0.009696593174129063
nomao,coreset,0.25,2,0.06782464,0.012010635597066274
nomao,prototype,0.25,2,0.13253659,0.076918108030196
nomao,stratified_coreset,0.25,2,0.07727924,0.04726885435552846
nomao,random,0.25,3,0.070862114,0.009296629168217498
nomao,stratified,0.25,3,0.07190788,0.009805882015885316
nomao,coreset,0.25,3,0.06626892,0.004326854937181702
nomao,prototype,0.25,3,0.10630677,0.04703344656328807
nomao,stratified_coreset,0.25,3,0.07172534,0.03521898735720482
nomao,random,0.25,4,0.07009854,0.009691383920952569
nomao,stratified,0.25,4,0.06972621,0.011977134653470225
nomao,coreset,0.25,4,0.06625163,0.008893626476841375
nomao,prototype,0.25,4,0.11789407,0.06734581768348427
nomao,stratified_coreset,0.25,4,0.07154687,0.029410779852315796
nomao,random,0.5,1,0.06550775,0.008521014275146866
nomao,stratified,0.5,1,0.06560177,0.012051880993051675
nomao,coreset,0.5,1,0.06118495,0.009880727289135601
nomao,prototype,0.5,1,0.07045913,0.024178581341482798
nomao,stratified_coreset,0.5,1,0.06419485,0.016919978169420882
nomao,random,0.5,2,0.060254626,0.009687787289631931
nomao,stratified,0.5,2,0.057048485,0.009139311270339467
nomao,coreset,0.5,2,0.057038527,0.005880273017104356
nomao,prototype,0.5,2,0.081683844,0.02670956814160897
nomao,stratified_coreset,0.5,2,0.059369326,0.021733390929113364
nomao,random,0.5,3,0.062170148,0.006849273712839459
nomao,stratified,0.5,3,0.063647814,0.008574064305419925
nomao,coreset,0.5,3,0.06000666,0.014240683531600736
nomao,prototype,0.5,3,0.07144227,0.03194484584537182
nomao,stratified_coreset,0.5,3,0.06190989,0.017651026999588995
nomao,random,0.5,4,0.06103394,0.007027651816303874
nomao,stratified,0.5,4,0.06367502,0.010492605612116483
nomao,coreset,0.5,4,0.059187546,0.004645848425447593
nomao,prototype,0.5,4,0.07084158,0.026165214392746924
nomao,stratified_coreset,0.5,4,0.060594276,0.015991059671690178
nomao,random,1.0,1,0.060505886,0.006235784164108469
nomao,stratified,1.0,1,0.06120235,0.007722455634883237
nomao,coreset,1.0,1,0.058009528,0.00819678283794414
nomao,prototype,1.0,1,0.060816027,0.010466675377974695
nomao,stratified_coreset,1.0,1,0.060183786,0.007972004540598612
nomao,random,1.0,2,0.05519567,0.010298639916917969
nomao,stratified,1.0,2,0.05348174,0.010038453739162964
nomao,coreset,1.0,2,0.051807072,0.005490717795743312
nomao,prototype,1.0,2,0.058163036,0.012631639650413888
nomao,stratified_coreset,1.0,2,0.052167613,0.0087322874145222
nomao,random,1.0,3,0.059593312,0.009197396523066902
nomao,stratified,1.0,3,0.055355027,0.005459663782841129
nomao,coreset,1.0,3,0.056736495,0.008508972247504989
nomao,prototype,1.0,3,0.059659593,0.012317157147002874
nomao,stratified_coreset,1.0,3,0.05682712,0.008749280360807125
nomao,random,1.0,4,0.057961404,0.00874702964314749
nomao,stratified,1.0,4,0.05767127,0.008227594433376425
nomao,coreset,1.0,4,0.05353318,0.00828306987205021
nomao,prototype,1.0,4,0.059597265,0.0063961066754747225
nomao,stratified_coreset,1.0,4,0.05423399,0.005761074057627385
connect-4,random,0.1,1,0.3685664,0.031007862043380748
connect-4,stratified,0.1,1,0.3739667,0.01835611661076545
connect-4,coreset,0.1,1,0.39873964,0.024384394124150253
connect-4,prototype,0.1,1,0.6675499,0.07604224370718002
connect-4,stratified_coreset,0.1,1,0.44432062,0.05873429526686667
connect-4,random,0.1,2,0.37128133,0.024703088915348045
connect-4,stratified,0.1,2,0.37910917,0.022060264092683784
connect-4,coreset,0.1,2,0.42556924,0.009934562742710136
connect-4,prototype,0.1,2,0.6287732,0.025551625704765317
connect-4,stratified_coreset,0.1,2,0.442846,0.03810167545080184
connect-4,random,0.1,3,0.39216572,0.04821759511232376
connect-4,stratified,0.1,3,0.37823802,0.02836236989200114
connect-4,coreset,0.1,3,0.41380703,0.0416944917023182
connect-4,prototype,0.1,3,0.623757,0.01346751876473427
connect-4,stratified_coreset,0.1,3,0.43978232,0.047935844784975076
connect-4,random,0.1,4,0.37501574,0.06805848297476767
connect-4,stratified,0.1,4,0.36965773,0.017557807618379603
connect-4,coreset,0.1,4,0.42223817,0.052436274003982555
connect-4,prototype,0.1,4,0.61880285,0.07151762842535975
connect-4,stratified_coreset,0.1,4,0.4275466,0.059035129305720316
connect-4,random,0.25,1,0.3408607,0.03020704488158228
connect-4,stratified,0.25,1,0.34551606,0.028179711887240423
connect-4,coreset,0.25,1,0.36201653,0.026068891984224327
connect-4,prototype,0.25,1,0.56084067,0.022918544378876686
connect-4,stratified_coreset,0.25,1,0.37751284,0.009889037388563138
connect-4,random,0.25,2,0.33643234,0.023357569232583062
connect-4,stratified,0.25,2,0.34238797,0.025504124402999873
connect-4,coreset,0.25,2,0.3552857,0.020062481620907766
connect-4,prototype,0.25,2,0.6535629,0.12094958402216435
connect-4,stratified_coreset,0.25,2,0.37900922,0.02359001566171644
connect-4,random,0.25,3,0.33736038,0.02210914016664026
connect-4,stratified,0.25,3,0.3412533,0.019889452680945392
connect-4,coreset,0.25,3,0.3664758,0.022700846636295298
connect-4,prototype,0.25,3,0.6021989,0.04884691133201122
connect-4,stratified_coreset,0.25,3,0.3792443,0.027977822750806798
connect-4,random,0.25,4,0.3445046,0.029902336412668252
connect-4,stratified,0.25,4,0.34058866,0.022587150686979286
connect-4,coreset,0.25,4,0.36262196,0.05118498482704162
connect-4,prototype,0.25,4,0.56324136,0.03539637257456778
connect-4,stratified_coreset,0.25,4,0.36607203,0.019841878056526166
connect-4,random,0.5,1,0.32224375,0.016420604228973373
connect-4,stratified,0.5,1,0.31947103,0.016081018662452706
connect-4,coreset,0.5,1,0.3245943,0.019923202908039093
connect-4,prototype,0.5,1,0.50608337,0.027693778717517846
connect-4,stratified_coreset,0.5,1,0.35305938,0.015354118102788942
connect-4,random,0.5,2,0.32485387,0.015895495092868802
connect-4,stratified,0.5,2,0.3248813,0.020970404285192496
connect-4,coreset,0.5,2,0.33248317,0.010457979151606577
connect-4,prototype,0.5,2,0.48965445,0.019743025434017167
connect-4,stratified_coreset,0.5,2,0.3557049,0.02555642707347871
connect-4,random,0.5,3,0.31415045,0.01854375233650205
connect-4,stratified,0.5,3,0.32050472,0.015073172438144667
connect-4,coreset,0.5,3,0.32915673,0.018257238528132425
connect-4,prototype,0.5,3,0.47001195,0.04451274671554564
connect-4,stratified_coreset,0.5,3,0.3502105,0.012530145531892755
connect-4,random,0.5,4,0.30904937,0.014912719774246226
connect-4,stratified,0.5,4,0.31372112,0.016596519991755487
connect-4,coreset,0.5,4,0.32371694,0.013739426171779624
connect-4,prototype,0.5,4,0.4777625,0.035716900178790076
connect-4,stratified_coreset,0.5,4,0.3524311,0.015811780083179492
jannis,random,0.1,1,0.45772046,0.025774810588359853
jannis,stratified,0.1,1,0.44108066,0.011471355941891673
jannis,coreset,0.1,1,0.46248126,0.018294292715191868
jannis,prototype,0.1,1,0.51632375,0.10368605095148088
jannis,stratified_coreset,0.1,1,0.5296222,0.07509209748208523
jannis,random,0.1,2,0.45383272,0.052757243525981934
jannis,stratified,0.1,2,0.45311603,0.032570816332101814
jannis,coreset,0.1,2,0.46775624,0.02544698212742805
jannis,prototype,0.1,2,0.5050463,0.07933051414489749
jannis,stratified_coreset,0.1,2,0.5120554,0.11348299803137779
jannis,random,0.1,3,0.4452845,0.01908845979869367
jannis,stratified,0.1,3,0.45832306,0.012975934755802167
jannis,coreset,0.1,3,0.479083,0.03659211073517798
jannis,prototype,0.1,3,0.5237159,0.10469466542601584
jannis,stratified_coreset,0.1,3,0.54055095,0.08440398468375206
jannis,random,0.1,4,0.45987782,0.014002086102962476
jannis,stratified,0.1,4,0.4468298,0.00861952777504923
jannis,coreset,0.1,4,0.48147354,0.048346034619212164
jannis,prototype,0.1,4,0.52453285,0.1079827687472105
jannis,stratified_coreset,0.1,4,0.5398465,0.10234335719346999
jannis,random,0.25,1,0.42528057,0.012447499701380737
jannis,stratified,0.25,1,0.4234749,0.013192650797963154
jannis,coreset,0.25,1,0.43099427,0.0242135149359703
jannis,prototype,0.25,1,0.48213765,0.09592284054458144
jannis,stratified_coreset,0.25,1,0.45794111,0.0677697861135006
jannis,random,0.25,2,0.42546064,0.023943235379457466
jannis,stratified,0.25,2,0.42755303,0.01806107359528541
jannis,coreset,0.25,2,0.43159693,0.006254778617620469
jannis,prototype,0.25,2,0.477789,0.05070781871974468
jannis,stratified_coreset,0.25,2,0.45620015,0.056640112251043324
jannis,random,0.25,3,0.42821485,0.024323725783824933
jannis,stratified,0.25,3,0.4323211,0.009614232614636429
jannis,coreset,0.25,3,0.43678623,0.030495078518986703
jannis,prototype,0.25,3,0.46286637,0.08483820911049841
jannis,stratified_coreset,0.25,3,0.4565995,0.09062342959940431
jannis,random,0.25,4,0.42841846,0.017664871546626066
jannis,stratified,0.25,4,0.4216333,0.011629820629954313
jannis,coreset,0.25,4,0.4262707,0.021430281248688714
jannis,prototype,0.25,4,0.47355768,0.08834340587258338
jannis,stratified_coreset,0.25,4,0.46246576,0.0671338766217232
jannis,random,0.5,1,0.41171753,0.014827194699645049
jannis,stratified,0.5,1,0.41166547,0.01351137198209762
jannis,coreset,0.5,1,0.41522667,0.0165015829116106
jannis,prototype,0.5,1,0.45007762,0.04558842898607254
jannis,stratified_coreset,0.5,1,0.43185538,0.05988568832278251
jannis,random,0.5,2,0.41197225,0.010296731653809538
jannis,stratified,0.5,2,0.41431683,0.018667056936025626
jannis,coreset,0.5,2,0.4130748,0.010915742516517642
jannis,prototype,0.5,2,0.44553736,0.050527257531881316
jannis,stratified_coreset,0.5,2,0.43246192,0.055582059708237624
jannis,random,0.5,3,0.41102335,0.009610341575741768
jannis,stratified,0.5,3,0.41863897,0.016838581591844533
jannis,coreset,0.5,3,0.4141668,0.01301973253488541
jannis,prototype,0.5,3,0.4450129,0.0514377661526203
jannis,stratified_coreset,0.5,3,0.4338405,0.0607862036883831
jannis,random,0.5,4,0.41414413,0.015606819787621509
jannis,stratified,0.5,4,0.40496692,0.00831014881730077
jannis,coreset,0.5,4,0.4138969,0.013797140675783165
jannis,prototype,0.5,4,0.43236884,0.052457234236598003
jannis,stratified_coreset,0.5,4,0.42810303,0.06669536929726602
volkert,random,0.1,1,0.5829523,0.03431640394330024
volkert,stratified,0.1,1,0.574736,0.033174195812642575
volkert,coreset,0.1,1,0.6238812,0.03663180662989617
volkert,prototype,0.1,1,0.69878507,0.08954343703389167
volkert,stratified_coreset,0.1,1,0.72360677,0.06354997233301402
volkert,random,0.1,2,0.57188505,0.024648647066950784
volkert,stratified,0.1,2,0.5718448,0.017664091694355007
volkert,coreset,0.1,2,0.62158066,0.04427058443725111
volkert,prototype,0.1,2,0.71852314,0.06569561181068419
volkert,stratified_coreset,0.1,2,0.7229321,0.05716391452848911
volkert,random,0.1,3,0.5725611,0.037507225112617004
volkert,stratified,0.1,3,0.5746621,0.03565692425072195
volkert,coreset,0.1,3,0.632135,0.04142905564308167
volkert,prototype,0.1,3,0.67670095,0.039394047737121574
volkert,stratified_coreset,0.1,3,0.7189111,0.05967024444639682
volkert,random,0.1,4,0.5758328,0.04348316910862921
volkert,stratified,0.1,4,0.56951684,0.024562305995821963
volkert,coreset,0.1,4,0.6289396,0.06416009359657764
volkert,prototype,0.1,4,0.69143397,0.0635819112032652
volkert,stratified_coreset,0.1,4,0.73028064,0.05398207593262195
volkert,random,0.25,1,0.5359488,0.01061501418203116
volkert,stratified,0.25,1,0.54334474,0.015965960189700118
volkert,coreset,0.25,1,0.6018091,0.04928547882139682
volkert,prototype,0.25,1,0.6471864,0.0851990442723036
volkert,stratified_coreset,0.25,1,0.6607397,0.04367641317546367
volkert,random,0.25,2,0.534886,0.01529992402791977
volkert,stratified,0.25,2,0.53691524,0.008985664933919902
volkert,coreset,0.25,2,0.5992644,0.05104519144594669
volkert,prototype,0.25,2,0.6409736,0.06770889683663846
volkert,stratified_coreset,0.25,2,0.65755093,0.027248541122674948
volkert,random,0.25,3,0.53569317,0.00989165911376477
volkert,stratified,0.25,3,0.53796184,0.029352110148966333
volkert,coreset,0.25,3,0.5994047,0.0475562308162451
volkert,prototype,0.25,3,0.6271031,0.037966071806848044
volkert,stratified_coreset,0.25,3,0.6721727,0.025697417891025552
volkert,random,0.25,4,0.5430272,0.017802824848890293
volkert,stratified,0.25,4,0.5372758,0.018493251757323748
volkert,coreset,0.25,4,0.59704643,0.032514083901047694
volkert,prototype,0.25,4,0.6504856,0.03417387026846407
volkert,stratified_coreset,0.25,4,0.67604834,0.036051107308268535
volkert,random,0.5,1,0.51643264,0.008722062781453136
volkert,stratified,0.5,1,0.52475536,0.011653011783957475
volkert,coreset,0.5,1,0.5789868,0.027670022267103186
volkert,prototype,0.5,1,0.6351444,0.06374296365827323
volkert,stratified_coreset,0.5,1,0.61297524,0.047566369420289994
volkert,random,0.5,2,0.51808137,0.01232059291154145
volkert,stratified,0.5,2,0.51727676,0.008917740985751153
volkert,coreset,0.5,2,0.5745124,0.01955193348228931
volkert,prototype,0.5,2,0.6007789,0.07401971898525951
volkert,stratified_coreset,0.5,2,0.6081502,0.023283310571312905
volkert,random,0.5,3,0.51784366,0.018708185015618776
volkert,stratified,0.5,3,0.5158861,0.014168794141709804
volkert,coreset,0.5,3,0.5717594,0.029968395933508876
volkert,prototype,0.5,3,0.6025988,0.03439943925142288
volkert,stratified_coreset,0.5,3,0.61709297,0.02548439758419991
volkert,random,0.5,4,0.5198889,0.010831542396545407
volkert,stratified,0.5,4,0.5181395,0.011285596387088283
volkert,coreset,0.5,4,0.5723872,0.028596266949176788
volkert,prototype,0.5,4,0.6105829,0.05216550431251526
volkert,stratified_coreset,0.5,4,0.618262,0.039996093043684976
connect-4,random,1.0,1,0.3133019,0.017144454246759398
connect-4,random,1.0,2,0.3132812,0.0123630543887615
connect-4,random,1.0,3,0.2986008,0.013598421531915653
connect-4,random,1.0,4,0.30022445,0.014782863581180564
connect-4,stratified,1.0,1,0.31618208,0.015828284835815443
connect-4,stratified,1.0,2,0.31958824,0.01899393002986906
connect-4,stratified,1.0,3,0.30487856,0.017299823009967807
connect-4,stratified,1.0,4,0.2989153,0.012448726168274884
connect-4,coreset,1.0,1,0.31616718,0.015580763977766037
connect-4,coreset,1.0,2,0.31372714,0.014502817291021354
connect-4,coreset,1.0,3,0.3067323,0.013018612220883345
connect-4,coreset,1.0,4,0.29278302,0.011987380549311623
connect-4,prototype,1.0,1,0.39427942,0.014952395212650297
connect-4,prototype,1.0,2,0.37468722,0.03912226190268991
connect-4,prototype,1.0,3,0.38443688,0.022772258132696142
connect-4,prototype,1.0,4,0.369864,0.044960128310322756
connect-4,stratified_coreset,1.0,1,0.34026283,0.011860677137970933
connect-4,stratified_coreset,1.0,2,0.35255167,0.0220397433191538
connect-4,stratified_coreset,1.0,3,0.33428967,0.01368557472527027
connect-4,stratified_coreset,1.0,4,0.33103883,0.020108938539028155
jannis,random,1.0,1,0.4032325,0.016257160979509362
jannis,random,1.0,2,0.40227547,0.006047669965028767
jannis,random,1.0,3,0.40536532,0.009565049627423307
jannis,random,1.0,4,0.41184542,0.006695783239603032
jannis,stratified,1.0,1,0.40391085,0.007801822948455818
jannis,stratified,1.0,2,0.4048988,0.009492268159985547
jannis,stratified,1.0,3,0.4070993,0.01252805905640126
jannis,stratified,1.0,4,0.4049723,0.013434450703859334
jannis,coreset,1.0,1,0.40312365,0.010047948482632631
jannis,coreset,1.0,2,0.40188792,0.01026367819905283
jannis,coreset,1.0,3,0.40920848,0.010096890100836765
jannis,coreset,1.0,4,0.40461716,0.014604278379678724
jannis,prototype,1.0,1,0.42619765,0.05146423207521437
jannis,prototype,1.0,2,0.43003544,0.039468269899487485
jannis,prototype,1.0,3,0.41897798,0.04851274513602258
jannis,prototype,1.0,4,0.42071372,0.0526842123031616
jannis,stratified_coreset,1.0,1,0.4191877,0.050561905345320714
jannis,stratified_coreset,1.0,2,0.42159,0.049602929890155814
jannis,stratified_coreset,1.0,3,0.42133662,0.061124086886644356
jannis,stratified_coreset,1.0,4,0.41661713,0.0596852734684944
volkert,random,1.0,1,0.5057543,0.023442513182759278
volkert,random,1.0,2,0.49573633,0.011824544909596453
volkert,random,1.0,3,0.5007917,0.019141897197067728
volkert,random,1.0,4,0.5058468,0.028346223127841942
volkert,stratified,1.0,1,0.509512,0.020178526091575617
volkert,stratified,1.0,2,0.5075001,0.013962207692861554
volkert,stratified,1.0,3,0.5017828,0.016737724304199227
volkert,stratified,1.0,4,0.50172675,0.01062591220736504
volkert,coreset,1.0,1,0.55351114,0.015573046742379654
volkert,coreset,1.0,2,0.5576539,0.025256223824620255
volkert,coreset,1.0,3,0.55795556,0.024657241436839117
volkert,coreset,1.0,4,0.5542291,0.025898850193619725
volkert,prototype,1.0,1,0.55025613,0.11336549152731895
volkert,prototype,1.0,2,0.5374776,0.07803839804828168
volkert,prototype,1.0,3,0.5299633,0.07773616468906402
volkert,prototype,1.0,4,0.55248,0.11053276728093622
volkert,stratified_coreset,1.0,1,0.5633116,0.047035691553354256
volkert,stratified_coreset,1.0,2,0.5547801,0.035417769470810885
volkert,stratified_coreset,1.0,3,0.5727065,0.032313941687345527
volkert,stratified_coreset,1.0,4,0.573689,0.04699146609008312
mozilla4,random,0.1,1,0.10211714,0.01308852474345762
mozilla4,stratified,0.1,1,0.099659026,0.014574707027937499
mozilla4,coreset,0.1,1,0.10283187,0.014162839691541973
mozilla4,prototype,0.1,1,0.24473669,0.21210823656944164
mozilla4,stratified_coreset,0.1,1,0.16504857,0.1196795531033359
mozilla4,random,0.1,2,0.10430808,0.01520645356772913
mozilla4,stratified,0.1,2,0.10581107,0.014569975338242034
mozilla4,coreset,0.1,2,0.110628136,0.015970163881018167
mozilla4,prototype,0.1,2,0.26276502,0.20744626354797596
mozilla4,stratified_coreset,0.1,2,0.15561838,0.1063477303829025
mozilla4,random,0.1,3,0.096686184,0.013854031392670305
mozilla4,stratified,0.1,3,0.10423403,0.014804663425561585
mozilla4,coreset,0.1,3,0.11440776,0.024737491770515672
mozilla4,prototype,0.1,3,0.19239183,0.1668156463057929
mozilla4,stratified_coreset,0.1,3,0.16638468,0.12071264258201463
mozilla4,random,0.1,4,0.1039809,0.022228759644535374
mozilla4,stratified,0.1,4,0.09681317,0.009852160671226374
mozilla4,coreset,0.1,4,0.10531413,0.00727155035487909
mozilla4,prototype,0.1,4,0.2159315,0.18704730430159605
mozilla4,stratified_coreset,0.1,4,0.1720281,0.12360328840271632
mozilla4,random,0.25,1,0.09384227,0.008954018236090896
mozilla4,stratified,0.25,1,0.1012458,0.020029856570933167
mozilla4,coreset,0.25,1,0.10119342,0.00589495873498909
mozilla4,prototype,0.25,1,0.13373719,0.1029492271282995
mozilla4,stratified_coreset,0.25,1,0.13430408,0.0839719339678927
mozilla4,random,0.25,2,0.09243877,0.015042114628045241
mozilla4,stratified,0.25,2,0.094499305,0.012161767820627854
mozilla4,coreset,0.25,2,0.10838258,0.013741133275700049
mozilla4,prototype,0.25,2,0.14880839,0.1092127661745553
mozilla4,stratified_coreset,0.25,2,0.12818062,0.07733047849008504
mozilla4,random,0.25,3,0.08884846,0.010135793020875087
mozilla4,stratified,0.25,3,0.095971964,0.015289743052455021
mozilla4,coreset,0.25,3,0.09893381,0.010298005266737527
mozilla4,prototype,0.25,3,0.1389242,0.10911865594458936
mozilla4,stratified_coreset,0.25,3,0.12802054,0.0824428910660726
mozilla4,random,0.25,4,0.08910403,0.012127888340103966
mozilla4,stratified,0.25,4,0.09539467,0.014561644094930555
mozilla4,coreset,0.25,4,0.09713006,0.012599986252235976
mozilla4,prototype,0.25,4,0.1593872,0.12198520554892574
mozilla4,stratified_coreset,0.25,4,0.12615007,0.07942446673369785
mozilla4,random,0.5,1,0.09055458,0.014154762579016582
mozilla4,stratified,0.5,1,0.095884,0.019539248951558254
mozilla4,coreset,0.5,1,0.09802485,0.009741982281876305
mozilla4,prototype,0.5,1,0.08854454,0.008272024525174327
mozilla4,stratified_coreset,0.5,1,0.09927789,0.03561644012841012
mozilla4,random,0.5,2,0.08833425,0.009748493871825647
mozilla4,stratified,0.5,2,0.08829678,0.01097468308574487
mozilla4,coreset,0.5,2,0.09574981,0.011241924981454826
mozilla4,prototype,0.5,2,0.083529696,0.01650745233975595
mozilla4,stratified_coreset,0.5,2,0.10329544,0.048470150472683694
mozilla4,random,0.5,3,0.08855408,0.012691385081998225
mozilla4,stratified,0.5,3,0.080768615,0.011611613990523949
mozilla4,coreset,0.5,3,0.09557554,0.012907060212558686
mozilla4,prototype,0.5,3,0.08686408,0.012642906403006016
mozilla4,stratified_coreset,0.5,3,0.10230748,0.04538821083055876
mozilla4,random,0.5,4,0.08723968,0.01612677886576147
mozilla4,stratified,0.5,4,0.09010489,0.01695123925946184
mozilla4,coreset,0.5,4,0.09089589,0.007476923459450067
mozilla4,prototype,0.5,4,0.089330435,0.004977476364016594
mozilla4,stratified_coreset,0.5,4,0.10828682,0.045106387383561555
mozilla4,random,1.0,1,0.08518808,0.017611445388302116
mozilla4,stratified,1.0,1,0.085306495,0.01346484103975991
mozilla4,coreset,1.0,1,0.084934786,0.009265173038739971
mozilla4,prototype,1.0,1,0.08536898,0.01644208863966276
mozilla4,stratified_coreset,1.0,1,0.08456077,0.007245885504155197
mozilla4,random,1.0,2,0.082866855,0.007803229502608647
mozilla4,stratified,1.0,2,0.08295844,0.00929878680937511
mozilla4,coreset,1.0,2,0.08793613,0.005974249874765698
mozilla4,prototype,1.0,2,0.08477153,0.003326139556345566
mozilla4,stratified_coreset,1.0,2,0.084727034,0.011603590293590677
mozilla4,random,1.0,3,0.081990354,0.013978811682010333
mozilla4,stratified,1.0,3,0.08001264,0.012150766392681507
mozilla4,coreset,1.0,3,0.08132179,0.009431738216257288
mozilla4,prototype,1.0,3,0.08189579,0.01221078008375272
mozilla4,stratified_coreset,1.0,3,0.08083152,0.008510190241528432
mozilla4,random,1.0,4,0.08233446,0.017116148283764444
mozilla4,stratified,1.0,4,0.08059347,0.02058462633749235
mozilla4,coreset,1.0,4,0.08271794,0.011276703747273943
mozilla4,prototype,1.0,4,0.08104065,0.009217379014398692
mozilla4,stratified_coreset,1.0,4,0.08119905,0.007445419505705075
adult,random,0.1,1,0.20745684,0.013210124326554286
adult,stratified,0.1,1,0.20420206,0.020038970945825692
adult,coreset,0.1,1,0.20111634,0.023099899773622003
adult,prototype,0.1,1,0.40673003,0.2014827749565395
adult,stratified_coreset,0.1,1,0.23732208,0.05713973252934239
adult,random,0.1,2,0.20820865,0.02481056921384647
adult,stratified,0.1,2,0.20295869,0.014620532955044258
adult,coreset,0.1,2,0.20344682,0.024268187183613343
adult,prototype,0.1,2,0.44270644,0.22126345400044398
adult,stratified_coreset,0.1,2,0.23831517,0.09378551102984779
adult,random,0.1,3,0.20418677,0.022370300189839716
adult,stratified,0.1,3,0.21228214,0.011084034050710798
adult,coreset,0.1,3,0.21010824,0.015250713152515206
adult,prototype,0.1,3,0.42367947,0.2285192126151007
adult,stratified_coreset,0.1,3,0.24079303,0.052745407771546814
adult,random,0.1,4,0.20579171,0.023727013075041457
adult,stratified,0.1,4,0.20319803,0.0207654528921587
adult,coreset,0.1,4,0.20884778,0.03809045756796096
adult,prototype,0.1,4,0.409607,0.20791550478972826
adult,stratified_coreset,0.1,4,0.23009329,0.07755841159816895
adult,random,0.25,1,0.19869925,0.012423691348466253
adult,stratified,0.25,1,0.19894895,0.01951452162643394
adult,coreset,0.25,1,0.19582616,0.018059892784500944
adult,prototype,0.25,1,0.3158207,0.14141512896390074
adult,stratified_coreset,0.25,1,0.21804099,0.05556813594724532
adult,random,0.25,2,0.19912823,0.014368575627657486
adult,stratified,0.25,2,0.19837964,0.01460932455259087
adult,coreset,0.25,2,0.19280696,0.009381354805617857
adult,prototype,0.25,2,0.3220469,0.13320958134168637
adult,stratified_coreset,0.25,2,0.22322765,0.07210627238183515
adult,random,0.25,3,0.19814065,0.012775355947900543
adult,stratified,0.25,3,0.19801162,0.017584138760267504
adult,coreset,0.25,3,0.198021,0.014693119572981774
adult,prototype,0.25,3,0.31344676,0.13022213855090778
adult,stratified_coreset,0.25,3,0.22097106,0.056041898599226425
adult,random,0.25,4,0.19896536,0.018633608189296585
adult,stratified,0.25,4,0.19935991,0.01825751734205175
adult,coreset,0.25,4,0.19938815,0.022387805546696157
adult,prototype,0.25,4,0.33007348,0.17733285241061605
adult,stratified_coreset,0.25,4,0.22116993,0.06687861730100823
adult,random,0.5,1,0.19717781,0.016675285991574515
adult,stratified,0.5,1,0.19650386,0.02344582684693499
adult,coreset,0.5,1,0.19671844,0.017892806376350094
adult,prototype,0.5,1,0.23032698,0.08220140060604576
adult,stratified_coreset,0.5,1,0.20918933,0.04218661411719625
adult,random,0.5,2,0.19652456,0.015159897996637613
adult,stratified,0.5,2,0.19537616,0.0192195806499391
adult,coreset,0.5,2,0.19277842,0.01369564697163195
adult,prototype,0.5,2,0.23352249,0.0963459545440422
adult,stratified_coreset,0.5,2,0.21142821,0.04420496126178685
adult,random,0.5,3,0.19540882,0.014813747640238873
adult,stratified,0.5,3,0.19367519,0.01736724971060374
adult,coreset,0.5,3,0.19399793,0.007604621026627982
adult,prototype,0.5,3,0.22673142,0.08032175437895714
adult,stratified_coreset,0.5,3,0.20902854,0.0423827297182456
adult,random,0.5,4,0.19461875,0.01735717958673165
adult,stratified,0.5,4,0.1959869,0.015419995355220473
adult,coreset,0.5,4,0.19302617,0.016918129206911818
adult,prototype,0.5,4,0.22997501,0.0903506296006998
adult,stratified_coreset,0.5,4,0.2080449,0.048255289527725356
adult,random,1.0,1,0.19427186,0.013050695461203776
adult,stratified,1.0,1,0.1917581,0.012275356336419838
adult,coreset,1.0,1,0.19328448,0.018555594017113874
adult,prototype,1.0,1,0.19530356,0.015774641537211156
adult,stratified_coreset,1.0,1,0.20070995,0.028678827701607994
adult,random,1.0,2,0.19227049,0.016477506274481565
adult,stratified,1.0,2,0.19282891,0.017121572726444195
adult,coreset,1.0,2,0.19229677,0.018999832416232994
adult,prototype,1.0,2,0.19904384,0.029500820885930732
adult,stratified_coreset,1.0,2,0.20276877,0.02886940915606957
adult,random,1.0,3,0.19246937,0.011255099431171445
adult,stratified,1.0,3,0.19103639,0.009051668859712427
adult,coreset,1.0,3,0.19139522,0.00831092824063656
adult,prototype,1.0,3,0.19802362,0.024593367480135873
adult,stratified_coreset,1.0,3,0.20173058,0.03334320913086969
adult,random,1.0,4,0.19187841,0.01486569463410462
adult,stratified,1.0,4,0.19275269,0.013524453059313222
adult,coreset,1.0,4,0.19141187,0.010549571629385222
adult,prototype,1.0,4,0.19549674,0.015272802502536178
adult,stratified_coreset,1.0,4,0.19905216,0.029196688900210255
numerai28.6,random,0.1,1,0.50076836,0.019608696925640066
numerai28.6,stratified,0.1,1,0.4999287,0.0007021682858467041
numerai28.6,coreset,0.1,1,0.50101686,0.022738666725158674
numerai28.6,prototype,0.1,1,0.5003377,0.01445191882550717
numerai28.6,stratified_coreset,0.1,1,0.49996758,0.003957522815465973
numerai28.6,random,0.1,2,0.50116175,0.026205479013919782
numerai28.6,stratified,0.1,2,0.5001739,0.009633511221408849
numerai28.6,coreset,0.1,2,0.5048265,0.049680253714323
numerai28.6,prototype,0.1,2,0.50013596,0.005414510762691476
numerai28.6,stratified_coreset,0.1,2,0.49997753,0.0018152282714843926
numerai28.6,random,0.1,3,0.5000072,0.009408302229642864
numerai28.6,stratified,0.1,3,0.5021845,0.01428217978775499
numerai28.6,coreset,0.1,3,0.49988633,0.012024865657091119
numerai28.6,prototype,0.1,3,0.50001556,0.0028223603367805534
numerai28.6,stratified_coreset,0.1,3,0.5000442,0.0015828183650970643
numerai28.6,random,0.1,4,0.5003958,0.008137736344337477
numerai28.6,stratified,0.1,4,0.49901426,0.006140518206357996
numerai28.6,coreset,0.1,4,0.501351,0.025058744603395466
numerai28.6,prototype,0.1,4,0.50034034,0.015640395233035075
numerai28.6,stratified_coreset,0.1,4,0.49985254,0.0003086300373077767
numerai28.6,random,0.25,1,0.49993408,0.003473693501949329
numerai28.6,stratified,0.25,1,0.5011384,0.014579721739888182
numerai28.6,coreset,0.25,1,0.5004029,0.015147474092245112
numerai28.6,prototype,0.25,1,0.49980566,0.003509702467918421
numerai28.6,stratified_coreset,0.25,1,0.49999967,0.002871064949035662
numerai28.6,random,0.25,2,0.50031656,0.01845619781613352
numerai28.6,stratified,0.25,2,0.5004514,0.012083558246493313
numerai28.6,coreset,0.25,2,0.50236756,0.035805471819639174
numerai28.6,prototype,0.25,2,0.5044466,0.03899842583835129
numerai28.6,stratified_coreset,0.25,2,0.50012356,0.006620359444618213
numerai28.6,random,0.25,3,0.4997146,0.004668461400270457
numerai28.6,stratified,0.25,3,0.49949855,0.006794699537754084
numerai28.6,coreset,0.25,3,0.49954942,0.003969492620229746
numerai28.6,prototype,0.25,3,0.5004725,0.018809378704428722
numerai28.6,stratified_coreset,0.25,3,0.49997553,0.0006549642562866387
numerai28.6,random,0.25,4,0.50011665,0.00966311906278135
numerai28.6,stratified,0.25,4,0.49958292,0.0023828151911497006
numerai28.6,coreset,0.25,4,0.5002062,0.008996456521749508
numerai28.6,prototype,0.25,4,0.5004724,0.011319425955414788
numerai28.6,stratified_coreset,0.25,4,0.5000087,0.0057220743179321465
numerai28.6,random,0.5,1,0.50117725,0.01830028585195539
numerai28.6,stratified,0.5,1,0.50003767,0.009174933737516402
numerai28.6,coreset,0.5,1,0.5003275,0.01578935461342332
numerai28.6,prototype,0.5,1,0.49987432,0.0036948459476232433
numerai28.6,stratified_coreset,0.5,1,0.50018954,0.010183064746856707
numerai28.6,random,0.5,2,0.49975586,0.013566589885950074
numerai28.6,stratified,0.5,2,0.49959403,0.00048617932796481627
numerai28.6,coreset,0.5,2,0.5016773,0.03221743869781492
numerai28.6,prototype,0.5,2,0.5003308,0.012633656024932854
numerai28.6,stratified_coreset,0.5,2,0.4999828,0.0044507436573505655
numerai28.6,random,0.5,3,0.49948505,0.005405724638700519
numerai28.6,stratified,0.5,3,0.50015664,0.007543491551280027
numerai28.6,coreset,0.5,3,0.49906388,0.004891203641891509
numerai28.6,prototype,0.5,3,0.5001182,0.01139115552604199
numerai28.6,stratified_coreset,0.5,3,0.5000069,0.001714436817169207
numerai28.6,random,0.5,4,0.49905387,0.00732572518587115
numerai28.6,stratified,0.5,4,0.49995786,0.010313618004322064
numerai28.6,coreset,0.5,4,0.49994296,0.005154691690206544
numerai28.6,prototype,0.5,4,0.5000132,0.010285141086578346
numerai28.6,stratified_coreset,0.5,4,0.5000289,0.007491497802734393
numerai28.6,random,1.0,1,0.50020176,0.015176840490102761
numerai28.6,stratified,1.0,1,0.5006817,0.020621440958976743
numerai28.6,coreset,1.0,1,0.50008386,0.001222922477126121
numerai28.6,prototype,1.0,1,0.5004166,0.014845869976282084
numerai28.6,stratified_coreset,1.0,1,0.49991733,0.0033138469576836096
numerai28.6,random,1.0,2,0.5000739,0.017729826372861857
numerai28.6,stratified,1.0,2,0.50012904,0.006022446954250314
numerai28.6,coreset,1.0,2,0.5004378,0.023155005061626457
numerai28.6,prototype,1.0,2,0.5012508,0.01983262328207493
numerai28.6,stratified_coreset,1.0,2,0.5001179,0.011105778342485441
numerai28.6,random,1.0,3,0.49942875,0.01167515266537668
numerai28.6,stratified,1.0,3,0.49984533,0.01674519894719121
numerai28.6,coreset,1.0,3,0.4994662,0.008338712868094466
numerai28.6,prototype,1.0,3,0.49986377,0.013554544547200212
numerai28.6,stratified_coreset,1.0,3,0.5002013,0.008634021526575095
numerai28.6,random,1.0,4,0.5000744,0.01546136811375619
numerai28.6,stratified,1.0,4,0.50030816,0.014397748088836655
numerai28.6,coreset,1.0,4,0.49988672,0.007851894575357449
numerai28.6,prototype,1.0,4,0.50181544,0.0209198126971722
numerai28.6,stratified_coreset,1.0,4,0.49978843,0.003966242420673403
