dataset,strategy,seed,accuracy,log_loss,macro_f1,balanced_acc,mcc,pr_auc,macro_auc,top2_accuracy,n_classes
credit-g,random,1,0.75,0.5183704259095974,0.6710093433346493,0.6595238095238095,0.35895661600973144,0.8757762014409958,0.7617857142857142,,2
credit-g,stratified,1,0.75,0.5183704259095974,0.6710093433346493,0.6595238095238095,0.35895661600973144,0.8757762014409958,0.7617857142857142,,2
credit-g,coreset,1,0.75,0.5183704259095974,0.6710093433346493,0.6595238095238095,0.35895661600973144,0.8757762014409958,0.7617857142857142,,2
credit-g,prototype,1,0.75,0.5183704259095974,0.6710093433346493,0.6595238095238095,0.35895661600973144,0.8757762014409958,0.7617857142857142,,2
credit-g,stratified_coreset,1,0.75,0.5183704259095974,0.6710093433346493,0.6595238095238095,0.35895661600973144,0.8757762014409958,0.7617857142857142,,2
credit-g,random,2,0.74,0.5044236857945014,0.6662816069824156,0.6571428571428571,0.34223546121629594,0.8824490057178864,0.779047619047619,,2
credit-g,stratified,2,0.74,0.5044236857945014,0.6662816069824156,0.6571428571428571,0.34223546121629594,0.8824490057178864,0.779047619047619,,2
credit-g,coreset,2,0.74,0.5044236857945014,0.6662816069824156,0.6571428571428571,0.34223546121629594,0.8824490057178864,0.779047619047619,,2
credit-g,prototype,2,0.74,0.5044236857945014,0.6662816069824156,0.6571428571428571,0.34223546121629594,0.8824490057178864,0.779047619047619,,2
credit-g,stratified_coreset,2,0.74,0.5044236857945014,0.6662816069824156,0.6571428571428571,0.34223546121629594,0.8824490057178864,0.779047619047619,,2
credit-g,random,3,0.79,0.5242069545163079,0.7271309771309771,0.7119047619047619,0.4688368264204187,0.8705201173902264,0.7591666666666665,,2
credit-g,stratified,3,0.79,0.5242069545163079,0.7271309771309771,0.7119047619047619,0.4688368264204187,0.8705201173902264,0.7591666666666665,,2
credit-g,coreset,3,0.79,0.5242069545163079,0.7271309771309771,0.7119047619047619,0.4688368264204187,0.8705201173902264,0.7591666666666665,,2
credit-g,prototype,3,0.79,0.5242069545163079,0.7271309771309771,0.7119047619047619,0.4688368264204187,0.8705201173902264,0.7591666666666665,,2
credit-g,stratified_coreset,3,0.79,0.5242069545163079,0.7271309771309771,0.7119047619047619,0.4688368264204187,0.8705201173902264,0.7591666666666665,,2
credit-g,random,4,0.75,0.5123223886516954,0.6791169297907842,0.6690476190476191,0.36816239009631835,0.87812241080009,0.7739285714285715,,2
credit-g,stratified,4,0.75,0.5123223886516954,0.6791169297907842,0.6690476190476191,0.36816239009631835,0.87812241080009,0.7739285714285715,,2
credit-g,coreset,4,0.75,0.5123223886516954,0.6791169297907842,0.6690476190476191,0.36816239009631835,0.87812241080009,0.7739285714285715,,2
credit-g,prototype,4,0.75,0.5123223886516954,0.6791169297907842,0.6690476190476191,0.36816239009631835,0.87812241080009,0.7739285714285715,,2
credit-g,stratified_coreset,4,0.75,0.5123223886516954,0.6791169297907842,0.6690476190476191,0.36816239009631835,0.87812241080009,0.7739285714285715,,2
pendigits,random,1,0.9949977262391997,0.025743069633629198,0.9950291664470434,0.9949710767222075,0.9944442696349023,0.9990069256822494,0.9995252390790226,0.9986357435197817,10
pendigits,stratified,1,0.9949977262391997,0.025743069633629198,0.9950291664470434,0.9949710767222075,0.9944442696349023,0.9990069256822494,0.9995252390790226,0.9986357435197817,10
pendigits,coreset,1,0.9949977262391997,0.025743069633629198,0.9950291664470434,0.9949710767222075,0.9944442696349023,0.9990069256822494,0.9995252390790226,0.9986357435197817,10
pendigits,prototype,1,0.9949977262391997,0.025743069633629198,0.9950291664470434,0.9949710767222075,0.9944442696349023,0.9990069256822494,0.9995252390790226,0.9986357435197817,10
pendigits,stratified_coreset,1,0.9949977262391997,0.025743069633629198,0.9950291664470434,0.9949710767222075,0.9944442696349023,0.9990069256822494,0.9995252390790226,0.9986357435197817,10
pendigits,random,2,0.9949977262391997,0.02138391269387097,0.9950120933467668,0.9949710767222075,0.9944431472808976,0.9987030672277972,0.9994778624964076,0.9986357435197817,10
pendigits,stratified,2,0.9949977262391997,0.02138391269387097,0.9950120933467668,0.9949710767222075,0.9944431472808976,0.9987030672277972,0.9994778624964076,0.9986357435197817,10
pendigits,coreset,2,0.9949977262391997,0.02138391269387097,0.9950120933467668,0.9949710767222075,0.9944431472808976,0.9987030672277972,0.9994778624964076,0.9986357435197817,10
pendigits,prototype,2,0.9949977262391997,0.02138391269387097,0.9950120933467668,0.9949710767222075,0.9944431472808976,0.9987030672277972,0.9994778624964076,0.9986357435197817,10
pendigits,stratified_coreset,2,0.9949977262391997,0.02138391269387097,0.9950120933467668,0.9949710767222075,0.9944431472808976,0.9987030672277972,0.9994778624964076,0.9986357435197817,10
pendigits,random,3,0.9954524783992724,0.025124916232565412,0.9955029096918258,0.9954096732134357,0.9949505236408209,0.9987814644254499,0.9995512094746788,0.9990904956798545,10
pendigits,stratified,3,0.9954524783992724,0.025124916232565412,0.9955029096918258,0.9954096732134357,0.9949505236408209,0.9987814644254499,0.9995512094746788,0.9990904956798545,10
pendigits,coreset,3,0.9954524783992724,0.025124916232565412,0.9955029096918258,0.9954096732134357,0.9949505236408209,0.9987814644254499,0.9995512094746788,0.9990904956798545,10
pendigits,prototype,3,0.9954524783992724,0.025124916232565412,0.9955029096918258,0.9954096732134357,0.9949505236408209,0.9987814644254499,0.9995512094746788,0.9990904956798545,10
pendigits,stratified_coreset,3,0.9954524783992724,0.025124916232565412,0.9955029096918258,0.9954096732134357,0.9949505236408209,0.9987814644254499,0.9995512094746788,0.9990904956798545,10
pendigits,random,4,0.9963619827194179,0.020357553821466753,0.996371193335777,0.9962830356588505,0.9959599170482086,0.9990090554610405,0.9996155365537559,0.9990904956798545,10
pendigits,stratified,4,0.9963619827194179,0.020357553821466753,0.996371193335777,0.9962830356588505,0.9959599170482086,0.9990090554610405,0.9996155365537559,0.9990904956798545,10
pendigits,coreset,4,0.9963619827194179,0.020357553821466753,0.996371193335777,0.9962830356588505,0.9959599170482086,0.9990090554610405,0.9996155365537559,0.9990904956798545,10
pendigits,prototype,4,0.9963619827194179,0.020357553821466753,0.996371193335777,0.9962830356588505,0.9959599170482086,0.9990090554610405,0.9996155365537559,0.9990904956798545,10
pendigits,stratified_coreset,4,0.9963619827194179,0.020357553821466753,0.996371193335777,0.9962830356588505,0.9959599170482086,0.9990090554610405,0.9996155365537559,0.9990904956798545,10
phoneme,random,1,0.8899167437557817,0.24753733417514975,0.865832913536442,0.8621360265578807,0.7319248184457071,0.9093789683318535,0.9549977703271839,,2
phoneme,stratified,1,0.8899167437557817,0.24753733417514975,0.865832913536442,0.8621360265578807,0.7319248184457071,0.9093789683318535,0.9549977703271839,,2
phoneme,coreset,1,0.8899167437557817,0.24753733417514975,0.865832913536442,0.8621360265578807,0.7319248184457071,0.9093789683318535,0.9549977703271839,,2
phoneme,prototype,1,0.8899167437557817,0.24753733417514975,0.865832913536442,0.8621360265578807,0.7319248184457071,0.9093789683318535,0.9549977703271839,,2
phoneme,stratified_coreset,1,0.8899167437557817,0.24753733417514975,0.865832913536442,0.8621360265578807,0.7319248184457071,0.9093789683318535,0.9549977703271839,,2
phoneme,random,2,0.8936170212765957,0.25919163356377234,0.8685578101391767,0.8601396435826714,0.7384945747263749,0.9077364557478841,0.954097643153253,,2
phoneme,stratified,2,0.8936170212765957,0.25919163356377234,0.8685578101391767,0.8601396435826714,0.7384945747263749,0.9077364557478841,0.954097643153253,,2
phoneme,coreset,2,0.8936170212765957,0.25919163356377234,0.8685578101391767,0.8601396435826714,0.7384945747263749,0.9077364557478841,0.954097643153253,,2
phoneme,prototype,2,0.8936170212765957,0.25919163356377234,0.8685578101391767,0.8601396435826714,0.7384945747263749,0.9077364557478841,0.954097643153253,,2
phoneme,stratified_coreset,2,0.8936170212765957,0.25919163356377234,0.8685578101391767,0.8601396435826714,0.7384945747263749,0.9077364557478841,0.954097643153253,,2
phoneme,random,3,0.8889916743755781,0.2507253464820828,0.8640525177322802,0.8587130658827027,0.7286566835118845,0.909619260617913,0.9541224172956546,,2
phoneme,stratified,3,0.8889916743755781,0.2507253464820828,0.8640525177322802,0.8587130658827027,0.7286566835118845,0.909619260617913,0.9541224172956546,,2
phoneme,coreset,3,0.8889916743755781,0.2507253464820828,0.8640525177322802,0.8587130658827027,0.7286566835118845,0.909619260617913,0.9541224172956546,,2
phoneme,prototype,3,0.8889916743755781,0.2507253464820828,0.8640525177322802,0.8587130658827027,0.7286566835118845,0.909619260617913,0.9541224172956546,,2
phoneme,stratified_coreset,3,0.8889916743755781,0.2507253464820828,0.8640525177322802,0.8587130658827027,0.7286566835118845,0.909619260617913,0.9541224172956546,,2
phoneme,random,4,0.902867715078631,0.2534539093937459,0.88046279397222,0.873144003831734,0.7619072205162346,0.9074768813049437,0.9551835763951971,,2
phoneme,stratified,4,0.902867715078631,0.2534539093937459,0.88046279397222,0.873144003831734,0.7619072205162346,0.9074768813049437,0.9551835763951971,,2
phoneme,coreset,4,0.902867715078631,0.2534539093937459,0.88046279397222,0.873144003831734,0.7619072205162346,0.9074768813049437,0.9551835763951971,,2
phoneme,prototype,4,0.902867715078631,0.2534539093937459,0.88046279397222,0.873144003831734,0.7619072205162346,0.9074768813049437,0.9551835763951971,,2
phoneme,stratified_coreset,4,0.902867715078631,0.2534539093937459,0.88046279397222,0.873144003831734,0.7619072205162346,0.9074768813049437,0.9551835763951971,,2
bank-marketing,random,1,0.9097644586973349,0.20568011300908248,0.7609440882135923,0.7389983345426739,0.5264707217137088,0.6196127864849447,0.9285499868018129,,2
bank-marketing,stratified,1,0.9067787238748203,0.2030438390528204,0.7446097516222514,0.7172190176997749,0.4976731973824585,0.6213664044878244,0.9308132687352113,,2
bank-marketing,coreset,1,0.9069998894172288,0.20409858619647228,0.7373184431831625,0.7050450809824186,0.4878450061763843,0.625246475026276,0.9272977570184171,,2
bank-marketing,prototype,1,0.900807254229791,0.20893339176925513,0.7533561168683145,0.7466354684409449,0.5070995878806155,0.6101414027929764,0.9254939258747201,,2
bank-marketing,stratified_coreset,1,0.8910759703638174,0.264345835733028,0.5661207858536561,0.5521278673505261,0.2549631465052748,0.5571874179080174,0.9008336756181544,,2
bank-marketing,random,2,0.9106491208669689,0.20256106504367877,0.7500074586401297,0.7177707374294666,0.5119750523868474,0.6385187048317185,0.9321888986083311,,2
bank-marketing,stratified,2,0.9106491208669689,0.20364309879831474,0.7588153168961549,0.7329397156530498,0.5243632705839456,0.6273457090470752,0.9316596690628577,,2
bank-marketing,coreset,2,0.9099856242397435,0.1995874241642109,0.7549322493224933,0.7276443425941599,0.5176679374328237,0.6305897046968483,0.9317729485696834,,2
bank-marketing,prototype,2,0.8989273471193188,0.21325658829300553,0.7550084346343111,0.7545903649683421,0.5100182742343381,0.5775565066724105,0.9222574699963187,,2
bank-marketing,stratified_coreset,2,0.8933982085591065,0.24014534523852638,0.5894170127498789,0.5669719215968505,0.28992548959861136,0.5918294821873886,0.922981772297538,,2
bank-marketing,random,3,0.9074422205020458,0.20197104955756243,0.7464274758099934,0.7188246392988744,0.5013518570296289,0.6262290797907264,0.9307380449874705,,2
bank-marketing,stratified,3,0.9094327103837222,0.20203030575356123,0.7509180130942794,0.7220016145584881,0.5110153794744401,0.6278518431457218,0.9320752639933333,,2
bank-marketing,coreset,3,0.9095432931549264,0.2040189272335259,0.7523031879641402,0.7241140938882332,0.5131723885590467,0.6257503420655086,0.9280470352610578,,2
bank-marketing,prototype,3,0.9040141545947141,0.20865088370637838,0.7736321300484383,0.7808391916317576,0.5476228598510456,0.5936447429973097,0.9272273272309967,,2
bank-marketing,stratified_coreset,3,0.8952781156695787,0.24478458551393617,0.5992993124371692,0.5733660585241941,0.3109820514659652,0.5806310763745511,0.9129436928645748,,2
bank-marketing,random,4,0.9054517306203693,0.20882492482163906,0.7532739187894866,0.7353263384914768,0.5096304820312131,0.6153044681030022,0.9304972816469445,,2
bank-marketing,stratified,4,0.90755280327325,0.20739751900818457,0.7590842435932539,0.7410257654652568,0.5211847125476068,0.6227031862600328,0.9286109470379834,,2
bank-marketing,coreset,4,0.910206789782152,0.20122790830167284,0.7621159309184277,0.7400687489420735,0.5288286537991479,0.6307231177735029,0.931000706665262,,2
bank-marketing,prototype,4,0.9020236647130377,0.21145299509431298,0.7689378654641892,0.7760223268344593,0.5382302061388419,0.60727027164708,0.9251803653589611,,2
bank-marketing,stratified_coreset,4,0.8950569501271702,0.24532814209895853,0.6024969330850929,0.5757006580154425,0.3110722173876456,0.5812396526861181,0.9158296569773429,,2
mozilla4,random,1,0.9456416854293985,0.1520904878282106,0.9370946529598991,0.9283039541209819,0.8758793780066401,0.9863003310254432,0.9767580877616258,,2
mozilla4,stratified,1,0.9456416854293985,0.15370512308648981,0.9369208041975883,0.9270556618785379,0.8759864208608863,0.9840431504413396,0.9737532783787813,,2
mozilla4,coreset,1,0.9472499195882921,0.1486398891701397,0.9382130254381883,0.9247583353102844,0.8804932654001003,0.9862024145044768,0.9763684799293361,,2
mozilla4,prototype,1,0.9475715664200708,0.15245797658387986,0.9390244357317454,0.9282434734827565,0.8806056989595389,0.9847967887878954,0.9745906304708019,,2
mozilla4,stratified_coreset,1,0.9446767449340624,0.14740326712215637,0.9357474827577921,0.925587951506718,0.8737841683432878,0.9863524339156455,0.9770595532684394,,2
mozilla4,random,2,0.9472499195882921,0.14560554399194092,0.9382485849431361,0.9250079937587732,0.8804296383263376,0.9858098484220561,0.9777154634457835,,2
mozilla4,stratified,2,0.949501447410743,0.1475101406407361,0.941036315033334,0.9286823097415086,0.8854396139323352,0.9854194162257528,0.9764219279352098,,2
mozilla4,coreset,2,0.9437118044387263,0.15398196616996943,0.933819498345533,0.9191270721651225,0.8726163678628154,0.9837547867466631,0.9744241915051428,,2
mozilla4,prototype,2,0.9466066259247347,0.1506788922695701,0.9374234304144337,0.9237798617290711,0.8790473544568005,0.9842677218347269,0.9753220242353888,,2
mozilla4,stratified_coreset,2,0.9449983917658411,0.14832912587297867,0.935741799612521,0.9233309453639481,0.8749523132044312,0.9858134280327933,0.9771519151733263,,2
mozilla4,random,3,0.9482148600836282,0.14590782506397643,0.9395340555437374,0.9272246794760595,0.882428891189254,0.986939047003136,0.9777871962957718,,2
mozilla4,stratified,3,0.9491798005789643,0.14442173145489431,0.940911396083775,0.9301903405388121,0.8843325618296184,0.986022332150698,0.9773497665634902,,2
mozilla4,coreset,3,0.946284979092956,0.1433647772402091,0.9372449154110585,0.9247885756293972,0.8779649844643954,0.9871212261321108,0.9784913972152651,,2
mozilla4,prototype,3,0.9485365069154069,0.1476146566259202,0.9399948274730663,0.9282132331636437,0.8830522312050627,0.9851054809822376,0.9760203646279222,,2
mozilla4,stratified_coreset,3,0.9469282727565134,0.13961094580204275,0.938515932569782,0.9292622674894534,0.8789004311225356,0.9884826412993583,0.9803437925767283,,2
mozilla4,random,4,0.9472499195882921,0.14671416669854775,0.93877004987972,0.928752870486105,0.8797385423881242,0.9861601096600912,0.9768898324076826,,2
mozilla4,stratified,4,0.9482148600836282,0.14596162967718349,0.9401052632208726,0.9314688731003689,0.8818222770899729,0.9864158223572015,0.977273345291934,,2
mozilla4,coreset,4,0.9482148600836282,0.14651145338956828,0.9394303623234441,0.9264757041305931,0.8826008346246299,0.9866485447580406,0.9775295675306178,,2
mozilla4,prototype,4,0.949501447410743,0.14383371780960647,0.9411365753059737,0.9294312850869749,0.8852817065948608,0.9868309107459111,0.9776235703830534,,2
mozilla4,stratified_coreset,4,0.9478932132518495,0.14245617874334973,0.9394830942253622,0.9292320271703407,0.8812659018177569,0.9871418410706027,0.978540156799571,,2
adult,random,1,0.8609888422561163,0.30479172010830513,0.7940641978528273,0.7742192240468598,0.5957692305082982,0.7933403715288209,0.9134879212104656,,2
adult,stratified,1,0.8648786979219981,0.30256715058966455,0.8029354925906651,0.7863032801690004,0.6107668153580676,0.7968300663262531,0.9154773099858304,,2
adult,coreset,1,0.8619101238611936,0.30337654937345576,0.7922059522900811,0.7689619031732947,0.5954919409703415,0.7964819059103819,0.9151007633501668,,2
adult,prototype,1,0.8623195823523391,0.30731889384751404,0.7974660397400356,0.7790513902698093,0.6012619279959073,0.7896625438069073,0.9121779798152125,,2
adult,stratified_coreset,1,0.8597604667826799,0.31187672188547383,0.7828843176624294,0.7546505408929531,0.5845555355615507,0.7888523224933599,0.9103115644252184,,2
adult,random,2,0.8637526870713481,0.30219879018012213,0.7931999282702922,0.7679744611359782,0.5997064300194022,0.7982274966552455,0.9152475946659077,,2
adult,stratified,2,0.8599651960282526,0.3031795532266986,0.7894670178870593,0.766657468844536,0.5897435347328178,0.7962910909047014,0.9153844108311436,,2
adult,coreset,2,0.8640597809397073,0.30100906819174705,0.7945960392402738,0.7702283304663526,0.6013504311993694,0.7992714446224883,0.9158383158707095,,2
adult,prototype,2,0.8610912068789026,0.3175327705221745,0.7962139124929822,0.7785371065355304,0.5982553950892567,0.7827109640010512,0.9098904964164756,,2
adult,stratified_coreset,2,0.8570989865902344,0.31936674211131666,0.780821878179383,0.754659980460096,0.5775229429715086,0.7869168177671672,0.9042712775038193,,2
adult,random,3,0.8595557375371071,0.3020297477307878,0.7939263770931058,0.7763552426837886,0.5936859860728364,0.7965978460295768,0.9147985245265856,,2
adult,stratified,3,0.8639574163169209,0.30099110320190914,0.7987054137293379,0.7788088106617378,0.6048729694740095,0.7985551989768563,0.9157292428235402,,2
adult,coreset,3,0.8597604667826799,0.29907987291816246,0.7978909060640536,0.784551290751446,0.5989107239635771,0.7994349612176073,0.9158753834392465,,2
adult,prototype,3,0.8598628314054663,0.312990806966742,0.7991821066888224,0.7872568779046095,0.6008090513616579,0.7864437443917629,0.9103974414628843,,2
adult,stratified_coreset,3,0.8563824342307299,0.31513607524250675,0.7720469067648059,0.7405577563944721,0.5711270462200707,0.7890758644611618,0.9093898540078849,,2
adult,random,4,0.8603746545193981,0.30191448653317443,0.7914158005162966,0.769858057689339,0.5922056364473969,0.7968729076052397,0.91592672547517,,2
adult,stratified,4,0.8625243115979118,0.3024427474921985,0.8017121552652834,0.7879802998536061,0.6066814226762671,0.7963282920273105,0.9147643924331971,,2
adult,coreset,4,0.8617053946156208,0.29895865298258295,0.7953732234374231,0.7757162300348839,0.5981636462547641,0.7989745480445016,0.9165309728889875,,2
adult,prototype,4,0.8623195823523391,0.3080862987497175,0.8002369309235524,0.7850608547021535,0.6045493986465268,0.7881845336262164,0.9120527040963922,,2
adult,stratified_coreset,4,0.8594533729143208,0.3109554525571062,0.7799477948386344,0.7499049424077043,0.5823124679024034,0.7934967817397994,0.9110754211054215,,2
connect-4,random,1,0.7712,0.5551904790159481,0.508043319263947,0.5244149576782445,0.49455023407278575,0.6518513473813693,0.8569082082659607,0.9185,3
connect-4,stratified,1,0.7727,0.5593090703861371,0.5077989920226017,0.5211062111382497,0.4955527623409161,0.651194137770062,0.8554480408934837,0.9198,3
connect-4,coreset,1,0.7719,0.5601742453310495,0.5079351653362493,0.5224809992538774,0.49458755849367186,0.64683489505659,0.8551814776723147,0.9163,3
connect-4,prototype,1,0.7099,0.6919126964219142,0.5183872676785852,0.5438540700993905,0.4395978062854561,0.6106364432846244,0.8189182654379615,0.8896,3
connect-4,stratified_coreset,1,0.7582,0.6050681782833671,0.490758836016785,0.5015592312276174,0.4570769151196126,0.6137087813131377,0.8234850990510605,0.909,3
connect-4,random,2,0.7731,0.5535483764282606,0.5132324071751321,0.5226824393769626,0.49673408978883027,0.6495577718534618,0.8571209302118402,0.9225,3
connect-4,stratified,2,0.7697,0.5599871275556263,0.5099763063729514,0.5182486474408862,0.48771418364999775,0.6478249771699301,0.8561126736926393,0.9256,3
connect-4,coreset,2,0.7724,0.5540794537138435,0.5099967819920783,0.5196935236978677,0.49418616118632025,0.6507188919987082,0.8586947438544247,0.922,3
connect-4,prototype,2,0.7284,0.6589847139622265,0.5195756277889784,0.5368356130180357,0.44334158203247714,0.6086601563603645,0.8185348922484174,0.8992,3
connect-4,stratified_coreset,2,0.7467,0.6194135165983343,0.47417008257732673,0.4810733972113633,0.4233584579925151,0.6025207726270055,0.8122177671543273,0.913,3
connect-4,random,3,0.7858,0.5298365271393116,0.5311605670864555,0.5411184066336943,0.5299072666265562,0.6730895351554352,0.872649978626463,0.9252,3
connect-4,stratified,3,0.7795,0.5397701172465691,0.5309027473988747,0.5401019601516187,0.5166178586410045,0.6675466918649514,0.868724063521476,0.9231,3
connect-4,coreset,3,0.7785,0.5428444893049733,0.5245807398553387,0.5448699717657106,0.5206750548245372,0.6591575292373147,0.864519340506081,0.9209,3
connect-4,prototype,3,0.7192,0.6730083345604364,0.5454200730717823,0.5583609543108805,0.4458876981964151,0.6091412352769003,0.8191097018971206,0.9003,3
connect-4,stratified_coreset,3,0.7637,0.5948914079800018,0.5001901507390288,0.5153624370907695,0.475199204879069,0.6228802394282026,0.8329639819678653,0.9117,3
connect-4,random,4,0.7816,0.5330335599813245,0.5166192349981298,0.5317593236822352,0.5188539458248863,0.6634320029409122,0.8678931870683083,0.9222,3
connect-4,stratified,4,0.7848,0.5303528900384891,0.5202592076911187,0.5354985540287706,0.5266713222347346,0.6651403128275435,0.8694264002111369,0.9244,3
connect-4,coreset,4,0.7904,0.5208986750786537,0.5314485801128409,0.5483900190167984,0.5432233177389275,0.6709951478392707,0.8743576889420157,0.9205,3
connect-4,prototype,4,0.7343,0.6487688975822872,0.5510499343079747,0.5647109431565327,0.47275999325264545,0.6277725398366584,0.8308381180138121,0.9004,3
connect-4,stratified_coreset,4,0.7615,0.5834342235248168,0.49207906466512985,0.49950094646382365,0.4633868231985918,0.6299145632104947,0.8388056953966424,0.914,3
covertype,random,1,0.8398,0.3980328159518022,0.7300137913761363,0.691952168413051,0.7433121059694648,0.8118708937561305,0.977992545572412,0.9815,7
covertype,stratified,1,0.8367,0.39339744314918584,0.7343168995955309,0.6982676242645922,0.7393758406893467,0.8246335110705945,0.9778597634812011,0.9846,7
covertype,coreset,1,0.8218,0.43255590763917035,0.7448234646112596,0.7330867226583779,0.7127379619405443,0.8297482076392331,0.971469656196371,0.9835,7
covertype,stratified_coreset,1,0.7899,0.4778764820538059,0.5226052962468959,0.48135867630001966,0.6531610792436088,0.7681176009030647,0.9690343768427966,0.9789,7
covertype,random,2,0.8505,0.3809857771018668,0.7236941575061321,0.6822251588646403,0.7578722835100293,0.8141017621357537,0.9795424327845944,0.9862,7
covertype,stratified,2,0.8066,0.49091480208707017,0.6428792544783036,0.627517195889298,0.6862474364009308,0.7605127639310538,0.9669487888197198,0.9821,7
covertype,coreset,2,0.8261,0.4305837271733508,0.7227676180323112,0.6887664561600071,0.7187991231527721,0.8034871263865417,0.972048756153351,0.9842,7
covertype,stratified_coreset,2,0.7831,0.4938662441174888,0.47414760056575667,0.4499979538273748,0.6402150989285059,0.729778555626077,0.966161535019127,0.9767,7
covertype,random,3,0.8363,0.4007683074166354,0.7224224526640505,0.6998350834104671,0.735663522275609,0.8118032078741291,0.9757279843134085,0.9844,7
covertype,stratified,3,0.8564,0.36809536437099316,0.7412731232374277,0.7065075885403103,0.7679823445322619,0.8218076131698255,0.9791818416657357,0.9845,7
covertype,coreset,3,0.8249,0.4312898440917639,0.7346274227781178,0.7063259788633166,0.7163507860738344,0.8062363891445764,0.9721456216433534,0.9843,7
covertype,stratified_coreset,3,0.7868,0.49958768422368777,0.47146471055381334,0.4490794085522101,0.6481268082900473,0.7244202560297062,0.9685507308438831,0.9769,7
covertype,random,4,0.8485,0.3836450687367311,0.7158879987688586,0.6700473605835396,0.7541407557104515,0.8176381382060266,0.978690528652271,0.9845,7
covertype,stratified,4,0.8484,0.3801888485239284,0.7331278233615864,0.6957353473040758,0.7540942928477793,0.8060083365520399,0.9783791404135912,0.9853,7
covertype,coreset,4,0.8343,0.43485497085218194,0.754225000156955,0.7124990829406398,0.731453994114251,0.8236201542223954,0.9721923875900591,0.9853,7
covertype,stratified_coreset,4,0.788,0.49315343374474413,0.45622628656593855,0.43801591864359096,0.6490308333033994,0.7199642517153076,0.9682209822342911,0.9739,7
higgs,random,1,0.7099,0.5505822696840833,0.7087180682182284,0.7085747030564482,0.41749641398590226,0.8049173901135742,0.7881354129695703,,2
higgs,stratified,1,0.7071,0.5577743718139624,0.7056701189481609,0.7054211852507508,0.4115625022818963,0.8000618899434888,0.7839161482103606,,2
higgs,coreset,1,0.6917,0.5763847221822699,0.6888383050119167,0.6884670741117618,0.3797729368795992,0.7767329326111966,0.7631608602289314,,2
higgs,prototype,1,0.6814,0.5853475014698499,0.6813668494070123,0.6842221052528505,0.3689535236179663,0.7861550709645093,0.7557333987634101,,2
higgs,stratified_coreset,1,0.6652,0.5920541896779523,0.6385360476728199,0.6517970556786516,0.3468093068150981,0.7789792167912383,0.764428889016239,,2
higgs,random,2,0.7077,0.5503835403248113,0.7065166015666673,0.7063789589329954,0.41308964902782097,0.8086203961292235,0.7887547393062517,,2
higgs,stratified,2,0.7127,0.5547724864596134,0.7109277297087944,0.7105460329323895,0.42249501114552673,0.8031657429155779,0.7864373371371388,,2
higgs,coreset,2,0.6773,0.5871951202019378,0.6668021863847857,0.6693369634504959,0.35418962050772357,0.7702850418581977,0.7558619794588728,,2
higgs,prototype,2,0.6857,0.5776860723168554,0.6856666523751505,0.6873597711937827,0.37435684970949484,0.7899683612531955,0.7605306947483053,,2
higgs,stratified_coreset,2,0.6462,0.6051619805458478,0.6085850204668658,0.6305309965357053,0.3153118085430987,0.7681928831167004,0.7557286231383289,,2
higgs,random,3,0.707,0.5567139669903031,0.7051972101876278,0.7048330610023098,0.4110227553757792,0.8045701402718828,0.7856778722896722,,2
higgs,stratified,3,0.711,0.5541911162151185,0.7097509538648237,0.7095692771437299,0.4196027648654718,0.8065719755045712,0.7867251789093628,,2
higgs,coreset,3,0.6934,0.5704855515623259,0.688874884312398,0.6887551767374567,0.38343901516524304,0.7838130146480562,0.7711965316601469,,2
higgs,prototype,3,0.6778,0.5825617114318251,0.6777215703213535,0.6809201818879081,0.36266776066209866,0.7839969734462816,0.7568723452139647,,2
higgs,stratified_coreset,3,0.6563,0.5994348559194341,0.626215713815264,0.6421734487766454,0.33007317819517507,0.7702117053283328,0.7564637082190996,,2
higgs,random,4,0.7085,0.5564576606631745,0.7068905919310811,0.7065732747031046,0.4141886341460792,0.8057584739205969,0.7859263853847573,,2
higgs,stratified,4,0.7097,0.5563941549484467,0.7085172533738424,0.7083740465404329,0.4170947671195675,0.8050139907176379,0.7863481653814215,,2
higgs,coreset,4,0.6955,0.5710875482590798,0.6919131263007754,0.6915908947530889,0.387458514918946,0.783274081483547,0.7701382089977272,,2
higgs,prototype,4,0.689,0.5807057003436102,0.6888023770615291,0.6898155260306882,0.37901826021061896,0.788070380651833,0.7598669229933265,,2
higgs,stratified_coreset,4,0.6537,0.5983241112653979,0.6221646487316674,0.6392664976978277,0.3256930610206281,0.7840179642092171,0.761626439850962,,2
jannis,random,1,0.7018,0.7173649649378702,0.5201354209900423,0.5200958347494202,0.5320136398291492,0.610045145758541,0.8620053745915619,0.9223,4
jannis,stratified,1,0.7028,0.7181661196690995,0.5370013579007592,0.5295773078302017,0.5316520435714914,0.6069794128825697,0.8642554444991924,0.9212,4
jannis,coreset,1,0.7029,0.7209803037198486,0.5207622863872987,0.5221961889454323,0.5335605189911606,0.5938530535969031,0.8600322811850855,0.9202,4
jannis,stratified_coreset,1,0.6884,0.7470415581068494,0.5079592509079542,0.5225681023335502,0.5135455380492321,0.5987053011800734,0.8581792602042017,0.921,4
jannis,random,2,0.7031,0.7159599519538998,0.5249450072358611,0.5264388169555752,0.5301385219929633,0.6033630071299854,0.8646915899252801,0.9214,4
jannis,stratified,2,0.7049,0.7198679722089765,0.5390840123615126,0.5282723716121274,0.5316809946108845,0.6018204559241432,0.8626799192100225,0.922,4
jannis,coreset,2,0.702,0.717325415139215,0.5193168616343922,0.5220302496102341,0.5316699114060544,0.6037367183639957,0.8627292595592192,0.9208,4
jannis,stratified_coreset,2,0.6861,0.7537763050142783,0.5042341360000011,0.5236961577558881,0.5136278041659228,0.6028809440998643,0.8583039137176224,0.9183,4
jannis,random,3,0.7021,0.7208485319836775,0.5513908274047572,0.534380838138415,0.5256322040936949,0.6092251531796928,0.8611188996125803,0.9233,4
jannis,stratified,3,0.6995,0.7282763380822824,0.519245090633039,0.5221514478384179,0.5253480580719594,0.5968406766043053,0.8591007258788301,0.9229,4
jannis,coreset,3,0.7004,0.7298290022036462,0.5195328281408073,0.5220383316935977,0.5322115253078433,0.5973769863843885,0.8600264059419974,0.9212,4
jannis,stratified_coreset,3,0.6903,0.7530821132152559,0.5062668574883589,0.5196054594077648,0.5138056680014312,0.5971696598791965,0.8578740798563875,0.9203,4
jannis,random,4,0.6948,0.7336661086200184,0.5296159700067654,0.5220291140989558,0.5137856513130632,0.596982998453807,0.8539866595933421,0.9201,4
jannis,stratified,4,0.7012,0.7237100408814018,0.5185894280778456,0.5196572019682424,0.526407542238242,0.596359072517139,0.8568050524266559,0.9213,4
jannis,coreset,4,0.6996,0.7225356635630716,0.5195370295683996,0.5183988647944312,0.5257528683262885,0.595649458582708,0.8598156716152249,0.9232,4
jannis,stratified_coreset,4,0.695,0.7443054247376797,0.5106478646288731,0.5207484974277505,0.5185992659307438,0.5953143803820614,0.8581909188881057,0.9217,4
MiniBooNE,random,1,0.9372,0.15962645262300976,0.9228073311795104,0.926028778634924,0.8457491823305762,0.9450492738281665,0.9804747155059722,,2
MiniBooNE,stratified,1,0.9349,0.1626665005136901,0.9195941229899411,0.9207348584420652,0.8392054899066094,0.9441288639696499,0.9798427047089807,,2
MiniBooNE,coreset,1,0.9316,0.17508200193422832,0.9146916196838661,0.9118113593909235,0.8294976511760875,0.9375665144886121,0.9773100544506182,,2
MiniBooNE,prototype,1,0.9056,0.219623795142565,0.8795286753401936,0.8687426819411361,0.7609979611215685,0.9096366055643698,0.9653827207316781,,2
MiniBooNE,stratified_coreset,1,0.8414,0.320609643519556,0.7668753852215222,0.7347812612514071,0.5844897979894346,0.8794691559074547,0.9590660061415714,,2
MiniBooNE,random,2,0.9332,0.17093232056993599,0.9193179185143829,0.93031335410379,0.8401591799070676,0.9407056025706314,0.9789468276704018,,2
MiniBooNE,stratified,2,0.9348,0.17143486344267284,0.9214388015975974,0.9335991365260232,0.8447178069870385,0.9435186322375915,0.9793404349589654,,2
MiniBooNE,coreset,2,0.9265,0.18173801575604934,0.9102695477149372,0.9163095939417322,0.8210249631041704,0.9309501931910128,0.9759988723080589,,2
MiniBooNE,prototype,2,0.9069,0.2170080724247406,0.8796113616822672,0.8644292255901063,0.7632016884020065,0.9168318547081544,0.9683855646316494,,2
MiniBooNE,stratified_coreset,2,0.8635,0.30370577361848666,0.8053112544600304,0.7723134785442292,0.6473669188283144,0.8920371382854186,0.9585331712040861,,2
MiniBooNE,random,3,0.9348,0.16303867401564104,0.9195139591187202,0.9208827305402796,0.8390527212533899,0.9430097068662436,0.9794258886840641,,2
MiniBooNE,stratified,3,0.9343,0.16523342123412638,0.9187302332475704,0.9192309719571092,0.837463810821668,0.9399259182225194,0.9790943282306809,,2
MiniBooNE,coreset,3,0.9311,0.17841032844757965,0.9144744475282054,0.913528904957822,0.828961097005954,0.9359772356277206,0.9765721305728956,,2
MiniBooNE,prototype,3,0.9166,0.21378701811192855,0.8960067333769756,0.8933431498609655,0.7921181171042387,0.916075268497364,0.9677047585191666,,2
MiniBooNE,stratified_coreset,3,0.8657,0.2839750078120787,0.8110788829222357,0.7799290154482501,0.6523388192197865,0.8941849819198058,0.9609978547895005,,2
MiniBooNE,random,4,0.9349,0.1613049499489078,0.920540955223925,0.9268213433583186,0.8415888719874266,0.9458066928440665,0.9805523917036272,,2
MiniBooNE,stratified,4,0.9344,0.16192427974420578,0.9197721332907735,0.9251695847751482,0.8399213842513152,0.9470103286192151,0.9805459021743589,,2
MiniBooNE,coreset,4,0.9281,0.17932988870013924,0.9089828611942681,0.9003577365393787,0.8190511073529864,0.933511452071086,0.9771622566599908,,2
MiniBooNE,prototype,4,0.9128,0.21270452529004333,0.8917941820114181,0.8910281217558547,0.7835970528036931,0.9174751157806911,0.9679557200098047,,2
MiniBooNE,stratified_coreset,4,0.8386,0.31886339540222347,0.7622056565705141,0.7305527632415625,0.5761132727934551,0.8842949189804856,0.9592594040214474,,2
numerai28.6,random,1,0.5054,0.6933510238597458,0.484748707590162,0.5033723647549719,0.007324343973498838,0.5131717375881477,0.5115225462786055,,2
numerai28.6,stratified,1,0.5068,0.6938368074011447,0.5067984020268226,0.5068735434424587,0.01374769076207253,0.5174074140298976,0.5142841849774471,,2
numerai28.6,coreset,1,0.5057,0.6932311576258445,0.49242858607290374,0.5040728405184305,0.008576166042631027,0.5041775741143191,0.5009777257508172,,2
numerai28.6,prototype,1,0.5085,0.6935665887465707,0.41109168492492126,0.5043248677776988,0.014512704945647931,0.5105367466527291,0.510532499195113,,2
numerai28.6,stratified_coreset,1,0.5071,0.6930645390277755,0.4269929163699475,0.5032658732368493,0.009669601180027198,0.510958739646253,0.5072643457116321,,2
numerai28.6,random,2,0.5055,0.6932227507006344,0.5015428433401371,0.5046279405580507,0.009388499527140557,0.5152065576351695,0.5120047384325088,,2
numerai28.6,stratified,2,0.5065,0.6932787236984315,0.5061265081718049,0.5062687580288684,0.012549325531731482,0.5114718557885556,0.5078488889358274,,2
numerai28.6,coreset,2,0.505,0.6935865058506323,0.4385616289198606,0.5086326137034982,0.024121991266649958,0.5199020254019153,0.5191756940430677,,2
numerai28.6,prototype,2,0.4989,0.6944004839854422,0.4358529002930739,0.4954768707783434,-0.012015477055846133,0.5007462533027298,0.49006354527305673,,2
numerai28.6,stratified_coreset,2,0.4929,0.693265061702435,0.48467977146365915,0.4942669799165478,-0.011883778588863293,0.5021009976037876,0.4972217595055081,,2
numerai28.6,random,3,0.5119,0.6925746713416097,0.451639422305895,0.5085074001604013,0.022454561971988,0.5239420245193374,0.518798333227722,,2
numerai28.6,stratified,3,0.5108,0.6929934783148064,0.5047861026216818,0.5097090501308621,0.019859898310870792,0.5216237072080332,0.5161961917801029,,2
numerai28.6,coreset,3,0.5133,0.6926130179573436,0.5045759339479096,0.5147357538191331,0.030659022632798547,0.5262156672836105,0.5211919521215415,,2
numerai28.6,prototype,3,0.5071,0.6930110394035203,0.35801286107722624,0.5021425517383961,0.014201992396146702,0.518808146842265,0.5178959156222337,,2
numerai28.6,stratified_coreset,3,0.5039,0.6933491443955354,0.4339651165742624,0.500298512287089,0.0008276364701050434,0.5055913124392377,0.5008613531639583,,2
numerai28.6,random,4,0.5116,0.6932339835248003,0.5111945652201761,0.5113557882420563,0.022735688067652186,0.5210367979298476,0.5200478883796071,,2
numerai28.6,stratified,4,0.511,0.6934678765380999,0.5033887169672759,0.5097676164653969,0.020108043134955456,0.5177014937775977,0.5158389531411718,,2
numerai28.6,coreset,4,0.5074,0.6930334314478093,0.5065705450862901,0.5078813324449172,0.015829531645377277,0.5136473563977425,0.5083664449146821,,2
numerai28.6,prototype,4,0.5047,0.6949780026710858,0.49265210595624276,0.5063574076172079,0.013413093913387233,0.5120989322444705,0.5057142380519877,,2
numerai28.6,stratified_coreset,4,0.5087,0.6929355527082454,0.392533373354664,0.504206614987477,0.0167202642096129,0.5140806012841841,0.5105508611811453,,2
nomao,random,1,0.9592340055128391,0.10621802611968469,0.9500017359316293,0.949521760727507,0.9000063906839645,0.9966849817622758,0.9914615822255519,,2
nomao,stratified,1,0.9589438560858843,0.10842248091447362,0.9495686281505242,0.9484043185211559,0.8991545138520397,0.9965630548362586,0.9910930552730607,,2
nomao,coreset,1,0.9599593790802263,0.10082772399219014,0.9513550350034856,0.9552108246463564,0.9028937735349594,0.9970378342329005,0.9923366403461616,,2
nomao,stratified_coreset,1,0.9580734078050196,0.1041323478542504,0.9489652084013034,0.951909656540719,0.8980388093640391,0.9968231545807495,0.9918084493235731,,2
nomao,random,2,0.96315102277673,0.09699179794193814,0.9550450211728408,0.956987603137007,0.9101365549513841,0.9973917248450881,0.9932801848637636,,2
nomao,stratified,2,0.9654722181923691,0.09364115760319584,0.9580276231616198,0.9616601494571215,0.9162151465939603,0.9975162633357064,0.9935772342965024,,2
nomao,coreset,2,0.9659074423328013,0.09007767123095467,0.9582882842958353,0.9589169288884287,0.9165814206531334,0.9976080792910118,0.9938791314109559,,2
nomao,stratified_coreset,2,0.9664877411867111,0.09229151280809106,0.958998270946119,0.9596278878258828,0.9180013982392647,0.9975557000866258,0.9937176107819041,,2
nomao,random,3,0.9598143043667489,0.10370978823953546,0.9507885805215552,0.9509946824025853,0.9015776960833883,0.9968968118902247,0.9920397971977513,,2
nomao,stratified,3,0.9632960974902075,0.09652652399431923,0.9550660562306786,0.9554128285748352,0.9101336057826974,0.9972142356491848,0.9929773594698328,,2
nomao,coreset,3,0.9619904250689105,0.09966008226391566,0.9538771599482352,0.9583087511175453,0.9079944664267838,0.9971016547190383,0.9925210585356535,,2
nomao,stratified_coreset,3,0.9622805744958653,0.1002033613920852,0.9540657753041402,0.9568355200159746,0.9082260280386004,0.9970630927011835,0.9924219389159098,,2
nomao,random,4,0.9619904250689105,0.10220090785029894,0.953346700986506,0.9525178343116024,0.9067020288302503,0.9969888811077241,0.9922121993251202,,2
nomao,stratified,4,0.9617002756419556,0.10267602589555982,0.9529761472851342,0.9520099622953505,0.9059640383050517,0.9970073900599756,0.9922678445226766,,2
nomao,coreset,4,0.9651820687654142,0.09526475502492267,0.9576371185619852,0.96084749234582,0.915399521970238,0.9973552863148263,0.9932247975216175,,2
nomao,stratified_coreset,4,0.9637313216306398,0.09657009418774726,0.9556190997160858,0.9561746365992131,0.9112420215645894,0.9971584456055671,0.9927265177266312,,2
volkert,random,1,0.6208,1.0858064243010899,0.510875997678464,0.48703385576648656,0.5507482307406025,0.567116557666467,0.9079209984067186,0.7969,10
volkert,stratified,1,0.6128,1.0876915168349126,0.4874269491067754,0.4682571546358842,0.5415025144976718,0.5592224665918776,0.9085219681103727,0.7947,10
volkert,coreset,1,0.5694,1.2032614889889197,0.4416306274960613,0.4316942182451702,0.49259323769907815,0.5021150618944159,0.884077686382428,0.7575,10
volkert,stratified_coreset,1,0.5708,1.2221641231367786,0.42695093616111424,0.4056248533364667,0.49997759961196075,0.502591109544024,0.8888071701058351,0.7519,10
volkert,random,2,0.6306,1.0520263865983162,0.5266308041261983,0.49757432364358667,0.5620939622146546,0.5819774867959394,0.9157500988374624,0.8052,10
volkert,stratified,2,0.6222,1.0788566091762573,0.5168088827208395,0.4925874555434075,0.5531441134156038,0.5606222980878092,0.910877549584086,0.7976,10
volkert,coreset,2,0.5591,1.190830414084057,0.4499484407550066,0.43735550077793706,0.4849734989725614,0.5114610592684137,0.8919493373836478,0.7558,10
volkert,stratified_coreset,2,0.5781,1.194149482145623,0.4520561164916601,0.4315293629345217,0.5069952497806628,0.5066045921517361,0.8935159490500327,0.7573,10
volkert,random,3,0.6302,1.069319536447258,0.5267875925690761,0.5031684822155544,0.5613841298428519,0.567413406800126,0.9118022575819141,0.7996,10
volkert,stratified,3,0.6255,1.068994537573552,0.5169703523511016,0.49257000626968284,0.5554154887007876,0.565472925492853,0.9116044846754704,0.7989,10
volkert,coreset,3,0.5649,1.208030414174448,0.4494731249554243,0.4439026410099773,0.48808190225861203,0.5056905008810383,0.887738746370688,0.7468,10
volkert,stratified_coreset,3,0.5618,1.2511197606268254,0.4258063502017416,0.403289557967413,0.49307726329326834,0.49507928206927937,0.8858283874737485,0.7401,10
volkert,random,4,0.6233,1.0821842235197892,0.5124203031562558,0.4880989755399695,0.553143582153878,0.5594190953506246,0.9102445512595267,0.7992,10
volkert,stratified,4,0.6254,1.0687541166491268,0.5037709974998124,0.48553933707256924,0.5556450834839682,0.557894166946864,0.9119043033619828,0.7999,10
volkert,coreset,4,0.5618,1.1994886367815663,0.4444936740289648,0.4330363114813391,0.48607744571747485,0.5045261684911885,0.887977706631369,0.7482,10
volkert,stratified_coreset,4,0.5563,1.2408988582110385,0.430286839491445,0.4118798075779222,0.48434880561885024,0.4951783801182755,0.8884336283558272,0.7377,10
jannis,prototype,1,0.6889,0.7513950029225573,0.5422467751475712,0.5286246602406989,0.5106362133428118,0.590360659428607,0.853878920951408,0.9211,4
jannis,prototype,2,0.6835,0.7579283620227439,0.5416716146485494,0.5292799403430404,0.5042798346041241,0.5943032367573523,0.8489560790538044,0.9197,4
jannis,prototype,3,0.6987,0.7435574739805794,0.5466781666301596,0.5355373667781065,0.5235465580663905,0.6053021625041151,0.8553301607023581,0.9218,4
jannis,prototype,4,0.6965,0.7449899606363694,0.5442754547432662,0.5338535844625778,0.5215252131776787,0.6041018941264384,0.8544654458924058,0.9221,4
covertype,prototype,1,0.6684,0.7389409342811217,0.5536821104090118,0.5966384923087926,0.49722860276935277,0.5909636319262889,0.9281940759048907,0.9733,7
covertype,prototype,2,0.6238,0.7625455184133554,0.5086916708705835,0.5719940465518473,0.4147565352878166,0.5492959532853839,0.917324823145146,0.9708,7
covertype,prototype,3,0.6838,0.725162112653331,0.5597472019667266,0.6103239546822677,0.5048582200866873,0.5755417996231734,0.929907867503742,0.9716,7
covertype,prototype,4,0.6693,0.735380177469091,0.5070145775063536,0.564917955084191,0.47163924319991846,0.564357062696892,0.927357363379574,0.9698,7
nomao,prototype,1,0.9603946032206586,0.107837866102476,0.9515286979321014,0.952010426435089,0.9030603081060001,0.996597399592613,0.9911878429219102,,2
nomao,prototype,2,0.9611199767880458,0.10469551143059797,0.9526240785242683,0.9551088170460167,0.9053246348647349,0.9968742565494962,0.9919021024086171,,2
nomao,prototype,3,0.9618453503554331,0.10629549228987152,0.9533042035023541,0.9537878237787245,0.9066113257350165,0.996762536086195,0.9914908746001695,,2
nomao,prototype,4,0.9603946032206586,0.10551372890258753,0.9515581053985741,0.9523152115301388,0.9031233939981591,0.9966269284143214,0.9912516879215163,,2
volkert,prototype,1,0.6083,1.1789465237614818,0.5069117555193676,0.4869521618769249,0.5356752228545086,0.5559281318918586,0.9018261267420934,0.7882,10
volkert,prototype,2,0.6063,1.1483256990903437,0.510494054769556,0.49078919606580007,0.5342127954402489,0.5483274097748452,0.9039863376132921,0.7906,10
volkert,prototype,3,0.6152,1.134965285863797,0.5160605914851712,0.4879390681197526,0.542882659094425,0.5634990903006546,0.9043309711483939,0.7956,10
volkert,prototype,4,0.6075,1.1887474078969011,0.5061365981959556,0.4838655603448986,0.5345713561811462,0.5408367017331109,0.8972967739112588,0.7822,10
