dataset,inner_strategy,M,mean,std
MiniBooNE,random,1,0.9798499558910163,0.0007914573532837683
MiniBooNE,random,3,0.9803300200571039,0.0006129990835055499
MiniBooNE,random,5,0.9799517325160687,0.00046723348111900586
MiniBooNE,random,10,0.9786578764258883,0.00033374344378284495
MiniBooNE,stratified,1,0.9797058425182464,0.000640807795769492
MiniBooNE,stratified,3,0.9805725662135094,0.0004122776311501567
MiniBooNE,stratified,5,0.9798896547193937,0.0003209452161666647
MiniBooNE,stratified,10,0.9781647774705737,0.0007943165764598342
adult,random,1,0.9148651914695322,0.001028656809876302
adult,random,3,0.9149158859741731,0.0005280173066292336
adult,random,5,0.9134624876206408,0.0005344927879879963
adult,random,10,0.9113281165910868,0.000989436237054313
adult,stratified,1,0.9153388390184278,0.0004097377247528568
adult,stratified,3,0.9144249493400303,0.0003221414009324364
adult,stratified,5,0.9142870755403663,0.00037168833991121025
adult,stratified,10,0.9120936136838728,0.0010179606883252577
bank-marketing,random,1,0.9304935530111397,0.001495709032885889
bank-marketing,random,3,0.9313581822249422,0.002168364995581877
bank-marketing,random,5,0.9304216731986843,0.000904006456155682
bank-marketing,random,10,0.9254791740894138,0.0025877448205134544
bank-marketing,stratified,1,0.9307897872073463,0.0015445647580725151
bank-marketing,stratified,3,0.9320255488492719,0.002234354244001595
bank-marketing,stratified,5,0.929977580837416,0.0015080635893876665
bank-marketing,stratified,10,0.9237940526483376,0.0023354290276472356
connect-4,random,1,0.863643076043143,0.007896931220260127
connect-4,random,3,0.860362170559251,0.007385696154845837
connect-4,random,5,0.8559612948936925,0.003804280923328392
connect-4,random,10,0.8337137400321956,0.0030615352837448846
connect-4,stratified,1,0.862427794579684,0.0076859438091014245
connect-4,stratified,3,0.8628481523031978,0.007429211930810953
connect-4,stratified,5,0.8518769394539054,0.0044223259867651145
connect-4,stratified,10,0.8304923866612113,0.002592134726753559
covertype,random,1,0.9779883728306714,0.0016347781499785365
covertype,random,3,0.9722393974242345,0.0010898610603402973
covertype,random,5,0.965803520473562,0.0008092344063106529
covertype,random,10,0.9522896443830898,0.0014100136877842377
covertype,stratified,1,0.975592383595062,0.0057880038296213715
covertype,stratified,3,0.9734092245473344,0.0006783291851878278
covertype,stratified,5,0.9662413882370422,0.0009360847802865239
covertype,stratified,10,0.9493651654858661,0.0020432622062072107
credit-g,random,1,0.7684821428571428,0.009537874039546588
credit-g,random,3,0.7628869047619048,0.025552543756765612
credit-g,random,5,0.7624107142857143,0.019292173864320854
credit-g,random,10,0.7593452380952381,0.015928227390879734
credit-g,stratified,1,0.7684821428571428,0.009537874039546588
credit-g,stratified,3,0.7665178571428571,0.015368174639857117
credit-g,stratified,5,0.7644047619047618,0.012634387202586507
credit-g,stratified,10,0.7638095238095238,0.015114203698480244
higgs,random,1,0.787123602487563,0.0015500357382036737
higgs,random,3,0.7858168269270128,0.0025292407841403346
higgs,random,5,0.7829629244146167,0.0024020973185188365
higgs,random,10,0.7722896531788567,0.002125497610252789
higgs,stratified,1,0.7858567074095709,0.0013036710436585728
higgs,stratified,3,0.7855756729096527,0.0012657398113940005
higgs,stratified,5,0.7823749707242142,0.0012299773896168656
higgs,stratified,10,0.7723537779849623,0.0014551129547198725
jannis,random,1,0.8604506309306911,0.004569189188687875
jannis,random,3,0.8596884542263138,0.0008648294948801657
jannis,random,5,0.8559355536311342,0.0008823540968040297
jannis,random,10,0.8471970102951649,0.002718740740752871
jannis,stratified,1,0.8607102855036752,0.003380785747547076
jannis,stratified,3,0.8610473630439874,0.003112688844743055
jannis,stratified,5,0.8567624599671408,0.002127475089858294
jannis,stratified,10,0.845836916723409,0.0015348787345823513
mozilla4,random,1,0.9772876449777159,0.0005389081081164286
mozilla4,random,3,0.973351832282033,0.0018777543903863358
mozilla4,random,5,0.9721287403055163,0.0025088821921917747
mozilla4,random,10,0.9679648945058263,0.0011804758171571588
mozilla4,stratified,1,0.9761995795423538,0.0016842140856854681
mozilla4,stratified,3,0.9725317687445438,0.0022585059861974107
mozilla4,stratified,5,0.9708800964314548,0.0012114916031802686
mozilla4,stratified,10,0.9678325052018037,0.0009678339504206619
nomao,random,1,0.9922484409030468,0.0007590537588678858
nomao,random,3,0.9920315716101606,0.00021474534411996797
nomao,random,5,0.9913438196596391,0.0001763781546827033
nomao,random,10,0.9898778600806407,0.0002702730595560012
nomao,stratified,1,0.9924788733905181,0.0010676937901852527
nomao,stratified,3,0.9922286505003014,0.00010982798618014151
nomao,stratified,5,0.9915382297462826,0.0001756581227356435
nomao,stratified,10,0.9901781198132384,0.00042371928636423487
numerai28.6,random,1,0.5155933765796108,0.00445587273842051
numerai28.6,random,3,0.5121830127146552,0.0028214034052790847
numerai28.6,random,5,0.5140245618966147,0.004652933138731677
numerai28.6,random,10,0.5181335463243705,0.0021919887742014523
numerai28.6,stratified,1,0.5135420547086373,0.0038851460657263253
numerai28.6,stratified,3,0.518590605759919,0.005269998576781573
numerai28.6,stratified,5,0.5175681301689591,0.004301257025554894
numerai28.6,stratified,10,0.5148630975926356,0.004120360134497529
pendigits,random,1,0.9995424619009663,5.7405381836053766e-05
pendigits,random,3,0.9995114642512215,4.564107634510398e-05
pendigits,random,5,0.9995721425464116,9.573674653573013e-05
pendigits,random,10,0.9996561644844323,6.989616363560936e-05
pendigits,stratified,1,0.9995424619009663,5.7405381836053766e-05
pendigits,stratified,3,0.9995331172622643,8.267711680287214e-05
pendigits,stratified,5,0.9996614964245665,0.0001771205251366535
pendigits,stratified,10,0.9995798513075131,0.00010978156149871985
phoneme,random,1,0.9546003517928222,0.0005713229641659821
phoneme,random,3,0.9375701934034717,0.0011590348097086562
phoneme,random,5,0.9278019555056403,0.0016005475824238248
phoneme,random,10,0.9149441755991213,0.003962527078122474
phoneme,stratified,1,0.9546003517928222,0.0005713229641659821
phoneme,stratified,3,0.9399732852164435,0.0009372815664344737
phoneme,stratified,5,0.9307562719870512,0.0014984658912729721
phoneme,stratified,10,0.9168930748013939,0.0023649239506936667
volkert,random,1,0.9114294765214055,0.00329242613050812
volkert,random,3,0.9088856612570906,0.0016852295448115163
volkert,random,5,0.9027565320475811,0.0017456399554784793
volkert,random,10,0.8931111446570716,0.001002177706593998
volkert,stratified,1,0.910727076432978,0.0015319762128261
volkert,stratified,3,0.9089642029382348,0.003762578295632915
volkert,stratified,5,0.9030558366487743,0.0016622011698739165
volkert,stratified,10,0.8931272100920935,0.00101552427533787
