dataset,strategy,budget_fraction,budget,seed,auc,n_sampled,pool_size,sampling_time,inference_time,n_classes
higgs,random,0.1,1000,1,0.7391426966405765,1000,78440,0.001,12.486,2
higgs,stratified,0.1,1000,1,0.7493425087939725,1000,78440,0.011,12.607,2
higgs,random,0.1,1000,2,0.7496482691930767,1000,78440,0.001,12.673,2
higgs,stratified,0.1,1000,2,0.7617509873504527,1000,78440,0.011,13.11,2
higgs,random,0.1,1000,3,0.7586410320743822,1000,78440,0.001,13.195,2
higgs,stratified,0.1,1000,3,0.7527668526993359,1000,78440,0.011,13.203,2
higgs,random,0.1,1000,4,0.7424241931721884,1000,78440,0.001,13.236,2
higgs,stratified,0.1,1000,4,0.7476539842117033,1000,78440,0.009,12.545,2
higgs,random,0.25,2500,1,0.7653409732097868,2500,78440,0.001,24.749,2
higgs,stratified,0.25,2500,1,0.7705247938414823,2500,78440,0.01,25.48,2
higgs,random,0.25,2500,2,0.7681555620942826,2500,78440,0.001,24.914,2
higgs,stratified,0.25,2500,2,0.7765017494840318,2500,78440,0.01,26.596,2
higgs,random,0.25,2500,3,0.7723063829158795,2500,78440,0.001,25.337,2
higgs,stratified,0.25,2500,3,0.7708939215683441,2500,78440,0.009,24.66,2
higgs,random,0.25,2500,4,0.7682677491523868,2500,78440,0.001,24.663,2
higgs,stratified,0.25,2500,4,0.7680378569819879,2500,78440,0.009,25.496,2
higgs,random,0.5,5000,1,0.7786263809382089,5000,78440,0.001,44.094,2
higgs,stratified,0.5,5000,1,0.7815577519150259,5000,78440,0.009,45.352,2
higgs,random,0.5,5000,2,0.7794398223884835,5000,78440,0.001,45.173,2
higgs,stratified,0.5,5000,2,0.7807814319202139,5000,78440,0.01,43.826,2
higgs,random,0.5,5000,3,0.7797330618209883,5000,78440,0.001,46.611,2
higgs,stratified,0.5,5000,3,0.7787109777253609,5000,78440,0.009,45.875,2
higgs,random,0.5,5000,4,0.7820814654218258,5000,78440,0.001,45.383,2
higgs,stratified,0.5,5000,4,0.7801211114573104,5000,78440,0.01,45.178,2
higgs,random,1.0,10000,1,0.7881354129695703,10000,78440,0.001,104.34,2
higgs,stratified,1.0,10000,1,0.7839161482103606,10000,78440,0.009,103.322,2
higgs,random,1.0,10000,2,0.7887547393062517,10000,78440,0.001,112.093,2
higgs,stratified,1.0,10000,2,0.7864373371371388,10000,78440,0.01,106.108,2
higgs,random,1.0,10000,3,0.7856778722896722,10000,78440,0.001,107.424,2
higgs,stratified,1.0,10000,3,0.7867251789093628,10000,78440,0.011,107.875,2
higgs,random,1.0,10000,4,0.7859263853847573,10000,78440,0.001,109.467,2
higgs,stratified,1.0,10000,4,0.7863481653814215,10000,78440,0.011,113.769,2
MiniBooNE,random,0.1,1000,1,0.971024672893048,1000,104051,0.001,25.998,2
MiniBooNE,stratified,0.1,1000,1,0.9705689196925212,1000,104051,0.013,26.077,2
MiniBooNE,random,0.1,1000,2,0.9711943914218528,1000,104051,0.001,26.235,2
MiniBooNE,stratified,0.1,1000,2,0.9723982734087228,1000,104051,0.015,26.099,2
MiniBooNE,random,0.1,1000,3,0.9721279424070624,1000,104051,0.001,26.143,2
MiniBooNE,stratified,0.1,1000,3,0.9738365215251245,1000,104051,0.013,26.088,2
MiniBooNE,random,0.1,1000,4,0.9732591020354135,1000,104051,0.001,25.766,2
MiniBooNE,stratified,0.1,1000,4,0.9736425291845524,1000,104051,0.014,25.744,2
MiniBooNE,random,0.25,2500,1,0.9767410069490474,2500,104051,0.001,47.452,2
MiniBooNE,stratified,0.25,2500,1,0.9770336302268204,2500,104051,0.014,45.897,2
MiniBooNE,random,0.25,2500,2,0.9768211105278792,2500,104051,0.001,45.858,2
MiniBooNE,stratified,0.25,2500,2,0.9780913987283694,2500,104051,0.013,45.25,2
MiniBooNE,random,0.25,2500,3,0.9766370010963836,2500,104051,0.001,44.088,2
MiniBooNE,stratified,0.25,2500,3,0.9782210654677584,2500,104051,0.013,44.658,2
MiniBooNE,random,0.25,2500,4,0.9777310812388006,2500,104051,0.001,45.436,2
MiniBooNE,stratified,0.25,2500,4,0.9780399531089404,2500,104051,0.013,43.193,2
MiniBooNE,random,0.5,5000,1,0.9791108740533956,5000,104051,0.001,89.259,2
MiniBooNE,stratified,0.5,5000,1,0.9790146704973716,5000,104051,0.013,80.979,2
MiniBooNE,random,0.5,5000,2,0.9790911577736336,5000,104051,0.001,79.914,2
MiniBooNE,stratified,0.5,5000,2,0.979191473016141,5000,104051,0.012,80.16,2
MiniBooNE,random,0.5,5000,3,0.980481006881675,5000,104051,0.001,80.663,2
MiniBooNE,stratified,0.5,5000,3,0.979391137502524,5000,104051,0.013,81.359,2
MiniBooNE,random,0.5,5000,4,0.9792276112726392,5000,104051,0.001,80.171,2
MiniBooNE,stratified,0.5,5000,4,0.97934533925971,5000,104051,0.013,80.376,2
MiniBooNE,random,1.0,10000,1,0.9804747155059722,10000,104051,0.001,187.55,2
MiniBooNE,stratified,1.0,10000,1,0.9798427047089808,10000,104051,0.017,189.854,2
MiniBooNE,random,1.0,10000,2,0.9789468276704018,10000,104051,0.001,195.171,2
MiniBooNE,stratified,1.0,10000,2,0.9793404349589654,10000,104051,0.013,196.439,2
MiniBooNE,random,1.0,10000,3,0.979425888684064,10000,104051,0.001,190.944,2
MiniBooNE,stratified,1.0,10000,3,0.9790943282306808,10000,104051,0.012,186.803,2
MiniBooNE,random,1.0,10000,4,0.9805523917036272,10000,104051,0.001,187.767,2
MiniBooNE,stratified,1.0,10000,4,0.9805459021743588,10000,104051,0.012,190.385,2
covertype,random,0.1,1000,1,0.9408232091186944,1000,464809,0.003,18.49,7
covertype,stratified,0.1,1000,1,0.93004768146202,1000,464809,0.067,16.905,7
covertype,random,0.1,1000,2,0.9335030865884264,1000,464809,0.003,16.616,7
covertype,stratified,0.1,1000,2,0.9391811656821044,1000,464809,0.069,18.273,7
covertype,random,0.1,1000,3,0.9406936340473538,1000,464809,0.004,18.838,7
covertype,stratified,0.1,1000,3,0.9342733716891024,1000,464809,0.069,19.052,7
covertype,random,0.1,1000,4,0.9333303050589384,1000,464809,0.003,18.335,7
covertype,stratified,0.1,1000,4,0.9315196337435308,1000,464809,0.07,18.359,7
covertype,random,0.25,2500,1,0.9547642004811336,2500,464809,0.003,32.966,7
covertype,stratified,0.25,2500,1,0.9535866136879284,2500,464809,0.071,30.722,7
covertype,random,0.25,2500,2,0.9538005789637536,2500,464809,0.004,32.672,7
covertype,stratified,0.25,2500,2,0.9566218890910432,2500,464809,0.067,31.061,7
covertype,random,0.25,2500,3,0.9552004233414454,2500,464809,0.004,31.428,7
covertype,stratified,0.25,2500,3,0.95801920065174,2500,464809,0.066,31.463,7
covertype,random,0.25,2500,4,0.9516190589143864,2500,464809,0.004,32.036,7
covertype,stratified,0.25,2500,4,0.9555482259159052,2500,464809,0.065,31.325,7
covertype,random,0.5,5000,1,0.9684046986390182,5000,464809,0.004,59.913,7
covertype,stratified,0.5,5000,1,0.9677572161333368,5000,464809,0.066,58.462,7
covertype,random,0.5,5000,2,0.9683853966754792,5000,464809,0.004,58.571,7
covertype,stratified,0.5,5000,2,0.9696224728384673,5000,464809,0.065,58.695,7
covertype,random,0.5,5000,3,0.9681651004579588,5000,464809,0.004,58.033,7
covertype,stratified,0.5,5000,3,0.9698996333592248,5000,464809,0.066,57.341,7
covertype,random,0.5,5000,4,0.9697988570372418,5000,464809,0.003,58.284,7
covertype,stratified,0.5,5000,4,0.9688983102280548,5000,464809,0.066,58.784,7
covertype,random,1.0,10000,1,0.977992545572412,10000,464809,0.004,135.559,7
covertype,stratified,1.0,10000,1,0.9778597634812012,10000,464809,0.065,137.041,7
covertype,random,1.0,10000,2,0.9795424327845944,10000,464809,0.004,138.852,7
covertype,stratified,1.0,10000,2,0.9669487888197198,10000,464809,0.066,139.034,7
covertype,random,1.0,10000,3,0.9757279843134083,10000,464809,0.003,131.518,7
covertype,stratified,1.0,10000,3,0.9791818416657356,10000,464809,0.066,132.007,7
covertype,random,1.0,10000,4,0.978690528652271,10000,464809,0.003,123.842,7
covertype,stratified,1.0,10000,4,0.9783791404135912,10000,464809,0.067,124.094,7
bank-marketing,random,0.1,1000,1,0.8899639328466773,1000,36168,0.0,6.507,2
bank-marketing,stratified,0.1,1000,1,0.9079801092075998,1000,36168,0.004,6.556,2
bank-marketing,random,0.1,1000,2,0.9114099806702785,1000,36168,0.0,6.515,2
bank-marketing,stratified,0.1,1000,2,0.9139130198043828,1000,36168,0.004,6.488,2
bank-marketing,random,0.1,1000,3,0.90758084925303,1000,36168,0.0,6.459,2
bank-marketing,stratified,0.1,1000,3,0.9102041516880066,1000,36168,0.004,6.468,2
bank-marketing,random,0.1,1000,4,0.9093721332413208,1000,36168,0.0,6.981,2
bank-marketing,stratified,0.1,1000,4,0.9119781537452668,1000,36168,0.004,6.805,2
bank-marketing,random,0.25,2500,1,0.9153677796151336,2500,36168,0.0,11.087,2
bank-marketing,stratified,0.25,2500,1,0.9168470418897436,2500,36168,0.005,11.034,2
bank-marketing,random,0.25,2500,2,0.921486530155194,2500,36168,0.0,11.041,2
bank-marketing,stratified,0.25,2500,2,0.9213711199993372,2500,36168,0.005,11.012,2
bank-marketing,random,0.25,2500,3,0.920009516899006,2500,36168,0.0,10.925,2
bank-marketing,stratified,0.25,2500,3,0.9235015322917616,2500,36168,0.004,10.964,2
bank-marketing,random,0.25,2500,4,0.921864483619452,2500,36168,0.0,10.965,2
bank-marketing,stratified,0.25,2500,4,0.9184799476333816,2500,36168,0.004,10.956,2
bank-marketing,random,0.5,5000,1,0.920772525990959,5000,36168,0.0,19.78,2
bank-marketing,stratified,0.5,5000,1,0.9251944513164452,5000,36168,0.004,20.162,2
bank-marketing,random,0.5,5000,2,0.9289001234592744,5000,36168,0.001,20.46,2
bank-marketing,stratified,0.5,5000,2,0.9263207360682186,5000,36168,0.005,20.427,2
bank-marketing,random,0.5,5000,3,0.9275176873461938,5000,36168,0.0,20.776,2
bank-marketing,stratified,0.5,5000,3,0.9289203646250708,5000,36168,0.005,20.712,2
bank-marketing,random,0.5,5000,4,0.9266965588834452,5000,36168,0.0,20.836,2
bank-marketing,stratified,0.5,5000,4,0.926582214052104,5000,36168,0.005,20.803,2
bank-marketing,random,1.0,10000,1,0.9285499868018128,10000,36168,0.001,50.692,2
bank-marketing,stratified,1.0,10000,1,0.9308132687352112,10000,36168,0.005,50.719,2
bank-marketing,random,1.0,10000,2,0.9321888986083312,10000,36168,0.001,51.672,2
bank-marketing,stratified,1.0,10000,2,0.9316596690628576,10000,36168,0.004,50.416,2
bank-marketing,random,1.0,10000,3,0.9307380449874704,10000,36168,0.001,51.575,2
bank-marketing,stratified,1.0,10000,3,0.9320752639933332,10000,36168,0.004,51.083,2
bank-marketing,random,1.0,10000,4,0.9304972816469445,10000,36168,0.001,51.185,2
bank-marketing,stratified,1.0,10000,4,0.9286109470379834,10000,36168,0.005,51.366,2
higgs,prototype,0.1,1000,1,0.6687689851162628,1000,78440,25.879,15.416,2
higgs,prototype,0.1,1000,2,0.6696078096158135,1000,78440,26.214,15.34,2
higgs,prototype,0.1,1000,3,0.663781767738959,1000,78440,26.383,15.265,2
higgs,prototype,0.1,1000,4,0.6921916603620389,1000,78440,25.909,15.471,2
higgs,prototype,0.25,2500,1,0.7196278471755028,2500,78440,26.087,29.264,2
higgs,prototype,0.25,2500,2,0.7255340312648535,2500,78440,27.047,29.723,2
higgs,prototype,0.25,2500,3,0.7333978604557536,2500,78440,25.913,31.296,2
higgs,prototype,0.25,2500,4,0.7285105700234255,2500,78440,26.072,30.325,2
higgs,prototype,0.5,5000,1,0.7514174978260874,5000,78440,26.283,58.205,2
higgs,prototype,0.5,5000,2,0.7461380844301619,5000,78440,25.978,56.586,2
higgs,prototype,0.5,5000,3,0.7368691379202128,5000,78440,26.216,58.033,2
higgs,prototype,0.5,5000,4,0.7275821323238224,5000,78440,26.107,55.428,2
higgs,prototype,1.0,10000,1,0.7557333987634101,10000,78440,27.862,126.73,2
higgs,prototype,1.0,10000,2,0.7605306947483053,10000,78440,25.8,126.647,2
higgs,prototype,1.0,10000,3,0.7568723452139647,10000,78440,25.953,127.669,2
higgs,prototype,1.0,10000,4,0.7598669229933265,10000,78440,25.893,133.612,2
MiniBooNE,prototype,0.1,1000,1,0.8506281517563044,1000,104051,59.448,29.469,2
MiniBooNE,prototype,0.1,1000,2,0.8515163255750268,1000,104051,58.408,29.176,2
MiniBooNE,prototype,0.1,1000,3,0.8414347675490248,1000,104051,57.113,28.334,2
MiniBooNE,prototype,0.1,1000,4,0.8136495259869483,1000,104051,52.028,25.752,2
MiniBooNE,prototype,0.25,2500,1,0.9294817531280026,2500,104051,50.172,44.161,2
MiniBooNE,prototype,0.25,2500,2,0.9022708844445684,2500,104051,58.35,47.156,2
MiniBooNE,prototype,0.25,2500,3,0.9112358718984755,2500,104051,59.465,49.865,2
MiniBooNE,prototype,0.25,2500,4,0.8956911953039189,2500,104051,59.513,49.039,2
MiniBooNE,prototype,0.5,5000,1,0.9571568460768862,5000,104051,60.074,91.87,2
MiniBooNE,prototype,0.5,5000,2,0.9568856233841816,5000,104051,60.818,91.44,2
MiniBooNE,prototype,0.5,5000,3,0.951656400330441,5000,104051,60.401,93.363,2
MiniBooNE,prototype,0.5,5000,4,0.9533297576522448,5000,104051,64.041,98.17,2
MiniBooNE,prototype,1.0,10000,1,0.965382720731678,10000,104051,64.863,252.3,2
MiniBooNE,prototype,1.0,10000,2,0.9683855646316494,10000,104051,63.717,233.719,2
MiniBooNE,prototype,1.0,10000,3,0.9677047585191666,10000,104051,59.877,224.65,2
MiniBooNE,prototype,1.0,10000,4,0.9679557200098048,10000,104051,58.555,221.953,2
bank-marketing,prototype,0.1,1000,1,0.856718764981126,1000,36168,1.161,8.032,2
bank-marketing,prototype,0.1,1000,2,0.8839431921620523,1000,36168,1.157,7.935,2
bank-marketing,prototype,0.1,1000,3,0.8685705002172079,1000,36168,1.166,8.093,2
bank-marketing,prototype,0.1,1000,4,0.8521531984001194,1000,36168,1.158,8.531,2
bank-marketing,prototype,0.25,2500,1,0.8854251769326466,2500,36168,1.163,15.039,2
bank-marketing,prototype,0.25,2500,2,0.8903134776571857,2500,36168,1.2,14.508,2
bank-marketing,prototype,0.25,2500,3,0.8899180055231157,2500,36168,1.179,14.265,2
bank-marketing,prototype,0.25,2500,4,0.8878976767639701,2500,36168,1.188,15.288,2
bank-marketing,prototype,0.5,5000,1,0.9125443145406142,5000,36168,1.228,30.576,2
bank-marketing,prototype,0.5,5000,2,0.910989295856006,5000,36168,1.215,29.182,2
bank-marketing,prototype,0.5,5000,3,0.9144929114490424,5000,36168,1.223,29.151,2
bank-marketing,prototype,0.5,5000,4,0.9159199136376924,5000,36168,1.188,26.622,2
bank-marketing,prototype,1.0,10000,1,0.92549392587472,10000,36168,1.191,66.308,2
bank-marketing,prototype,1.0,10000,2,0.9222574699963187,10000,36168,1.161,62.862,2
bank-marketing,prototype,1.0,10000,3,0.9272273272309968,10000,36168,1.215,63.492,2
bank-marketing,prototype,1.0,10000,4,0.9251803653589612,10000,36168,1.138,61.421,2
higgs,coreset,0.1,1000,1,0.7096936039210531,1000,78440,1.715,12.628,2
higgs,coreset,0.1,1000,2,0.7039810533696569,1000,78440,1.833,12.087,2
higgs,coreset,0.1,1000,3,0.6772334996535062,1000,78440,1.525,12.643,2
higgs,coreset,0.1,1000,4,0.7179901689543917,1000,78440,1.672,12.221,2
higgs,coreset,0.25,2500,1,0.7343018381260544,2500,78440,4.699,24.42,2
higgs,coreset,0.25,2500,2,0.7000637967327019,2500,78440,3.791,25.366,2
higgs,coreset,0.25,2500,3,0.708856464936237,2500,78440,4.141,24.154,2
higgs,coreset,0.25,2500,4,0.716269840314334,2500,78440,3.806,25.089,2
higgs,coreset,0.5,5000,1,0.7488085818705073,5000,78440,7.507,46.581,2
higgs,coreset,0.5,5000,2,0.7234766197435416,5000,78440,7.696,49.856,2
higgs,coreset,0.5,5000,3,0.7292683493561575,5000,78440,7.459,44.976,2
higgs,coreset,0.5,5000,4,0.7438392028574772,5000,78440,7.613,47.959,2
higgs,coreset,1.0,10000,1,0.7631608602289314,10000,78440,15.925,113.395,2
higgs,coreset,1.0,10000,2,0.7558619794588728,10000,78440,17.704,97.858,2
higgs,coreset,1.0,10000,3,0.7711965316601469,10000,78440,13.783,98.002,2
higgs,coreset,1.0,10000,4,0.7701382089977272,10000,78440,14.546,102.691,2
MiniBooNE,coreset,0.1,1000,1,0.9510239436879272,1000,104051,4.617,24.189,2
MiniBooNE,coreset,0.1,1000,2,0.95365155904253,1000,104051,4.43,24.647,2
MiniBooNE,coreset,0.1,1000,3,0.952244222882338,1000,104051,5.004,23.961,2
MiniBooNE,coreset,0.1,1000,4,0.9598007347930514,1000,104051,4.533,25.039,2
MiniBooNE,coreset,0.25,2500,1,0.970030486916812,2500,104051,13.091,40.531,2
MiniBooNE,coreset,0.25,2500,2,0.9672759046651492,2500,104051,11.771,40.639,2
MiniBooNE,coreset,0.25,2500,3,0.9712962918928836,2500,104051,11.194,44.032,2
MiniBooNE,coreset,0.25,2500,4,0.9673070643133156,2500,104051,12.208,40.933,2
MiniBooNE,coreset,0.5,5000,1,0.973832063069902,5000,104051,24.655,74.116,2
MiniBooNE,coreset,0.5,5000,2,0.9705045197837512,5000,104051,23.09,74.238,2
MiniBooNE,coreset,0.5,5000,3,0.9757042674946316,5000,104051,24.86,77.475,2
MiniBooNE,coreset,0.5,5000,4,0.973459286674906,5000,104051,23.77,74.083,2
MiniBooNE,coreset,1.0,10000,1,0.9773100544506182,10000,104051,49.456,164.864,2
MiniBooNE,coreset,1.0,10000,2,0.9759988723080588,10000,104051,49.648,164.309,2
MiniBooNE,coreset,1.0,10000,3,0.9765721305728956,10000,104051,47.665,175.985,2
MiniBooNE,coreset,1.0,10000,4,0.9771622566599908,10000,104051,52.71,184.157,2
covertype,coreset,0.1,1000,1,0.9317725304950536,1000,464809,19.565,18.97,7
covertype,coreset,0.1,1000,2,0.9340220342708546,1000,464809,20.085,18.761,7
covertype,coreset,0.1,1000,3,0.9309885585308038,1000,464809,19.355,18.93,7
covertype,coreset,0.1,1000,4,0.9303944896944848,1000,464809,19.89,19.013,7
covertype,coreset,0.25,2500,1,0.94919742121891,2500,464809,51.072,31.229,7
covertype,coreset,0.25,2500,2,0.944386403993402,2500,464809,50.376,31.191,7
covertype,coreset,0.25,2500,3,0.9500161753182976,2500,464809,50.743,30.993,7
covertype,coreset,0.25,2500,4,0.9479258325777856,2500,464809,50.439,31.535,7
covertype,coreset,0.5,5000,1,0.9620886011603036,5000,464809,103.697,57.456,7
covertype,coreset,0.5,5000,2,0.9580741134872588,5000,464809,87.654,57.757,7
covertype,coreset,0.5,5000,3,0.9616183463979991,5000,464809,87.125,57.998,7
covertype,coreset,0.5,5000,4,0.9586038210608429,5000,464809,91.976,56.169,7
covertype,coreset,1.0,10000,1,0.971469656196371,10000,464809,181.468,125.035,7
covertype,coreset,1.0,10000,2,0.972048756153351,10000,464809,180.328,123.642,7
covertype,coreset,1.0,10000,3,0.9721456216433534,10000,464809,197.547,123.848,7
covertype,coreset,1.0,10000,4,0.9721923875900592,10000,464809,200.613,123.134,7
bank-marketing,coreset,0.1,1000,1,0.8698809085560947,1000,36168,0.531,6.621,2
bank-marketing,coreset,0.1,1000,2,0.8751541465389383,1000,36168,0.46,6.997,2
bank-marketing,coreset,0.1,1000,3,0.8952733918630514,1000,36168,0.576,6.665,2
bank-marketing,coreset,0.1,1000,4,0.8663811991529485,1000,36168,0.517,6.579,2
bank-marketing,coreset,0.25,2500,1,0.9080356244518016,2500,36168,1.477,11.074,2
bank-marketing,coreset,0.25,2500,2,0.9166173460872408,2500,36168,1.574,10.973,2
bank-marketing,coreset,0.25,2500,3,0.9096018882285192,2500,36168,1.237,10.963,2
bank-marketing,coreset,0.25,2500,4,0.9068095543037336,2500,36168,1.483,11.004,2
bank-marketing,coreset,0.5,5000,1,0.916432985761346,5000,36168,2.71,23.837,2
bank-marketing,coreset,0.5,5000,2,0.925561633166156,5000,36168,2.596,23.495,2
bank-marketing,coreset,0.5,5000,3,0.916465300604986,5000,36168,2.743,19.856,2
bank-marketing,coreset,0.5,5000,4,0.922688571316966,5000,36168,2.94,20.719,2
bank-marketing,coreset,1.0,10000,1,0.9272977570184172,10000,36168,4.839,49.699,2
bank-marketing,coreset,1.0,10000,2,0.9317729485696834,10000,36168,5.204,49.554,2
bank-marketing,coreset,1.0,10000,3,0.9280470352610578,10000,36168,5.358,54.935,2
bank-marketing,coreset,1.0,10000,4,0.931000706665262,10000,36168,5.001,51.868,2
higgs,stratified_coreset,0.1,1000,1,0.6482026955072685,1000,78440,0.836,13.381,2
higgs,stratified_coreset,0.1,1000,2,0.6904411730476241,1000,78440,0.899,13.863,2
higgs,stratified_coreset,0.1,1000,3,0.6988299397500719,1000,78440,0.791,13.234,2
higgs,stratified_coreset,0.1,1000,4,0.706735104183271,1000,78440,0.774,13.06,2
higgs,stratified_coreset,0.25,2500,1,0.7344727974776993,2500,78440,2.262,24.034,2
higgs,stratified_coreset,0.25,2500,2,0.7264247254737942,2500,78440,2.32,24.054,2
higgs,stratified_coreset,0.25,2500,3,0.7098652655705042,2500,78440,2.165,26.466,2
higgs,stratified_coreset,0.25,2500,4,0.7224108928556809,2500,78440,2.525,24.621,2
higgs,stratified_coreset,0.5,5000,1,0.7453546009977283,5000,78440,4.141,45.338,2
higgs,stratified_coreset,0.5,5000,2,0.7393335611186103,5000,78440,4.543,45.299,2
higgs,stratified_coreset,0.5,5000,3,0.7354213008289041,5000,78440,4.756,45.142,2
higgs,stratified_coreset,0.5,5000,4,0.7372694677353151,5000,78440,4.093,44.458,2
higgs,stratified_coreset,1.0,10000,1,0.764428889016239,10000,78440,8.669,99.135,2
higgs,stratified_coreset,1.0,10000,2,0.7557286231383289,10000,78440,8.962,99.75,2
higgs,stratified_coreset,1.0,10000,3,0.7564637082190996,10000,78440,8.922,101.009,2
higgs,stratified_coreset,1.0,10000,4,0.761626439850962,10000,78440,7.678,102.378,2
MiniBooNE,stratified_coreset,0.1,1000,1,0.893504199171282,1000,104051,3.183,24.215,2
MiniBooNE,stratified_coreset,0.1,1000,2,0.8890641969995191,1000,104051,2.612,24.424,2
MiniBooNE,stratified_coreset,0.1,1000,3,0.9198217915816834,1000,104051,2.688,24.448,2
MiniBooNE,stratified_coreset,0.1,1000,4,0.875102049086205,1000,104051,2.578,24.446,2
MiniBooNE,stratified_coreset,0.25,2500,1,0.9201413637443576,2500,104051,7.327,42.033,2
MiniBooNE,stratified_coreset,0.25,2500,2,0.9288704246094048,2500,104051,6.407,41.523,2
MiniBooNE,stratified_coreset,0.25,2500,3,0.9371601790198572,2500,104051,7.266,41.162,2
MiniBooNE,stratified_coreset,0.25,2500,4,0.922972284657108,2500,104051,7.693,41.622,2
MiniBooNE,stratified_coreset,0.5,5000,1,0.947859233094182,5000,104051,13.842,79.692,2
MiniBooNE,stratified_coreset,0.5,5000,2,0.9393617146703586,5000,104051,13.909,79.49,2
MiniBooNE,stratified_coreset,0.5,5000,3,0.9439177109854948,5000,104051,14.365,77.106,2
MiniBooNE,stratified_coreset,0.5,5000,4,0.946627560069758,5000,104051,13.64,77.462,2
MiniBooNE,stratified_coreset,1.0,10000,1,0.9590660061415714,10000,104051,28.095,176.686,2
MiniBooNE,stratified_coreset,1.0,10000,2,0.958533171204086,10000,104051,29.394,177.741,2
MiniBooNE,stratified_coreset,1.0,10000,3,0.9609978547895004,10000,104051,27.966,178.816,2
MiniBooNE,stratified_coreset,1.0,10000,4,0.9592594040214474,10000,104051,28.009,180.824,2
covertype,stratified_coreset,0.1,1000,1,0.9110068614322432,1000,464809,7.643,19.095,7
covertype,stratified_coreset,0.1,1000,2,0.9073518235315708,1000,464809,7.15,19.315,7
covertype,stratified_coreset,0.1,1000,3,0.9138629887536796,1000,464809,7.595,18.85,7
covertype,stratified_coreset,0.1,1000,4,0.913646238275694,1000,464809,7.958,19.087,7
covertype,stratified_coreset,0.25,2500,1,0.9416941823435314,2500,464809,19.469,31.734,7
covertype,stratified_coreset,0.25,2500,2,0.9377038800344752,2500,464809,19.171,31.748,7
covertype,stratified_coreset,0.25,2500,3,0.9375929974749484,2500,464809,20.276,31.828,7
covertype,stratified_coreset,0.25,2500,4,0.9317395113759362,2500,464809,18.977,31.904,7
covertype,stratified_coreset,0.5,5000,1,0.9562712588534266,5000,464809,42.9,57.451,7
covertype,stratified_coreset,0.5,5000,2,0.9509472276879471,5000,464809,38.881,56.556,7
covertype,stratified_coreset,0.5,5000,3,0.9558298662799324,5000,464809,37.854,56.708,7
covertype,stratified_coreset,0.5,5000,4,0.956873847512728,5000,464809,39.538,56.44,7
covertype,stratified_coreset,1.0,10000,1,0.9690343768427966,10000,464809,77.345,124.94,7
covertype,stratified_coreset,1.0,10000,2,0.966161535019127,10000,464809,73.417,124.288,7
covertype,stratified_coreset,1.0,10000,3,0.9685507308438832,10000,464809,75.469,124.414,7
covertype,stratified_coreset,1.0,10000,4,0.9682209822342912,10000,464809,73.082,124.619,7
bank-marketing,stratified_coreset,0.1,1000,1,0.8096430807764559,1000,36168,0.422,6.792,2
bank-marketing,stratified_coreset,0.1,1000,2,0.8227884158979563,1000,36168,0.417,6.701,2
bank-marketing,stratified_coreset,0.1,1000,3,0.8144015302794818,1000,36168,0.337,6.805,2
bank-marketing,stratified_coreset,0.1,1000,4,0.8197251936227306,1000,36168,0.425,6.723,2
bank-marketing,stratified_coreset,0.25,2500,1,0.8512164230427324,2500,36168,0.915,10.878,2
bank-marketing,stratified_coreset,0.25,2500,2,0.896857174309581,2500,36168,0.966,11.054,2
bank-marketing,stratified_coreset,0.25,2500,3,0.8878453574933151,2500,36168,1.092,11.124,2
bank-marketing,stratified_coreset,0.25,2500,4,0.882773761767397,2500,36168,1.071,10.908,2
bank-marketing,stratified_coreset,0.5,5000,1,0.8875957756331875,5000,36168,1.805,19.523,2
bank-marketing,stratified_coreset,0.5,5000,2,0.9032237903536048,5000,36168,1.917,19.638,2
bank-marketing,stratified_coreset,0.5,5000,3,0.9018518891162898,5000,36168,1.953,19.68,2
bank-marketing,stratified_coreset,0.5,5000,4,0.8951553775806006,5000,36168,1.922,20.271,2
bank-marketing,stratified_coreset,1.0,10000,1,0.9008336756181544,10000,36168,3.764,48.24,2
bank-marketing,stratified_coreset,1.0,10000,2,0.922981772297538,10000,36168,3.756,53.916,2
bank-marketing,stratified_coreset,1.0,10000,3,0.9129436928645748,10000,36168,3.833,49.322,2
bank-marketing,stratified_coreset,1.0,10000,4,0.9158296569773428,10000,36168,4.101,48.32,2
covertype,prototype,0.1,1000,1,0.8722535350950428,1000,464809,1964.584,14.498,7
covertype,prototype,0.1,1000,2,0.8954383905715906,1000,464809,1973.239,15.017,7
covertype,prototype,0.1,1000,3,0.8835743982770162,1000,464809,1959.777,14.594,7
covertype,prototype,0.1,1000,4,0.8983574772303824,1000,464809,1868.061,14.783,7
covertype,prototype,0.25,2500,1,0.8859203680355118,2500,464809,1874.511,26.767,7
covertype,prototype,0.25,2500,2,0.8821785175415892,2500,464809,1868.693,27.186,7
covertype,prototype,0.25,2500,3,0.8931161885553575,2500,464809,1872.84,28.486,7
covertype,prototype,0.25,2500,4,0.8832170384955289,2500,464809,1869.375,27.429,7
covertype,prototype,0.5,5000,1,0.9122967844730469,5000,464809,1866.393,54.347,7
covertype,prototype,0.5,5000,2,0.8978296743936193,5000,464809,1875.306,50.862,7
covertype,prototype,0.5,5000,3,0.914391257983562,5000,464809,1867.364,54.385,7
covertype,prototype,0.5,5000,4,0.912057399236866,5000,464809,1879.75,54.012,7
covertype,prototype,1.0,10000,1,0.9281940759048908,10000,464809,2125.12,149.223,7
covertype,prototype,1.0,10000,2,0.917324823145146,10000,464809,2038.158,142.501,7
covertype,prototype,1.0,10000,3,0.929907867503742,10000,464809,2188.119,153.315,7
covertype,prototype,1.0,10000,4,0.927357363379574,10000,464809,2218.771,150.559,7
nomao,random,0.1,1000,1,0.9879263329783868,1000,27572,0.0,35.431,2
nomao,stratified,0.1,1000,1,0.9861235626623714,1000,27572,0.003,34.582,2
nomao,coreset,0.1,1000,1,0.9836216431866968,1000,27572,1.156,35.849,2
nomao,prototype,0.1,1000,1,0.9623100998044836,1000,27572,3.467,29.552,2
nomao,stratified_coreset,0.1,1000,1,0.9839274597033876,1000,27572,0.925,36.115,2
nomao,random,0.1,1000,2,0.9855167773107044,1000,27572,0.0,35.336,2
nomao,stratified,0.1,1000,2,0.9857712290296508,1000,27572,0.003,35.24,2
nomao,coreset,0.1,1000,2,0.9852333426436326,1000,27572,1.271,36.541,2
nomao,prototype,0.1,1000,2,0.9603604034756434,1000,27572,3.453,29.145,2
nomao,stratified_coreset,0.1,1000,2,0.9838473182418468,1000,27572,0.886,38.716,2
nomao,random,0.1,1000,3,0.98767461452679,1000,27572,0.0,36.832,2
nomao,stratified,0.1,1000,3,0.9845233119856558,1000,27572,0.003,36.814,2
nomao,coreset,0.1,1000,3,0.9854084780383516,1000,27572,1.47,37.279,2
nomao,prototype,0.1,1000,3,0.9394902054138085,1000,27572,3.449,32.57,2
nomao,stratified_coreset,0.1,1000,3,0.9828175468750192,1000,27572,1.0,37.572,2
nomao,random,0.1,1000,4,0.9865259202447026,1000,27572,0.0,34.812,2
nomao,stratified,0.1,1000,4,0.9848986978920632,1000,27572,0.003,35.865,2
nomao,coreset,0.1,1000,4,0.9855526707838268,1000,27572,1.276,36.357,2
nomao,prototype,0.1,1000,4,0.9586707801136956,1000,27572,3.465,30.077,2
nomao,stratified_coreset,0.1,1000,4,0.9858860262583444,1000,27572,0.898,36.429,2
nomao,random,0.25,2500,1,0.9899196068715784,2500,27572,0.0,68.97,2
nomao,stratified,0.25,2500,1,0.9886414691734888,2500,27572,0.003,65.349,2
nomao,coreset,0.25,2500,1,0.9889406330205924,2500,27572,3.188,74.597,2
nomao,prototype,0.25,2500,1,0.9770137372985584,2500,27572,3.459,61.064,2
nomao,stratified_coreset,0.25,2500,1,0.988511716330994,2500,27572,2.219,71.399,2
nomao,random,0.25,2500,2,0.9899769539148434,2500,27572,0.0,61.865,2
nomao,stratified,0.25,2500,2,0.9906403643146268,2500,27572,0.003,69.677,2
nomao,coreset,0.25,2500,2,0.9897010486257544,2500,27572,3.39,70.145,2
nomao,prototype,0.25,2500,2,0.9751389221808876,2500,27572,3.468,62.974,2
nomao,stratified_coreset,0.25,2500,2,0.9902594603024376,2500,27572,2.258,74.263,2
nomao,random,0.25,2500,3,0.9888868443819906,2500,27572,0.0,77.484,2
nomao,stratified,0.25,2500,3,0.9891003486617715,2500,27572,0.003,72.347,2
nomao,coreset,0.25,2500,3,0.9896851647324758,2500,27572,3.422,70.695,2
nomao,prototype,0.25,2500,3,0.9791537309202468,2500,27572,3.449,62.145,2
nomao,stratified_coreset,0.25,2500,3,0.9896849584481476,2500,27572,1.899,72.129,2
nomao,random,0.25,2500,4,0.9892451602602318,2500,27572,0.0,64.856,2
nomao,stratified,0.25,2500,4,0.9888617808361037,2500,27572,0.003,69.146,2
nomao,coreset,0.25,2500,4,0.9899638548599968,2500,27572,3.374,68.283,2
nomao,prototype,0.25,2500,4,0.9765016364535763,2500,27572,3.487,57.957,2
nomao,stratified_coreset,0.25,2500,4,0.9896201851690642,2500,27572,2.06,67.73,2
nomao,random,0.5,5000,1,0.9909815585936196,5000,27572,0.0,140.611,2
nomao,stratified,0.5,5000,1,0.9901199089543488,5000,27572,0.003,140.544,2
nomao,coreset,0.5,5000,1,0.9918109247355124,5000,27572,6.193,159.414,2
nomao,prototype,0.5,5000,1,0.9885662785358268,5000,27572,3.477,130.889,2
nomao,stratified_coreset,0.5,5000,1,0.991017452066742,5000,27572,5.016,162.993,2
nomao,random,0.5,5000,2,0.9919518169317352,5000,27572,0.0,141.058,2
nomao,stratified,0.5,5000,2,0.9925947020408534,5000,27572,0.003,169.496,2
nomao,coreset,0.5,5000,2,0.9925372002843424,5000,27572,7.014,158.057,2
nomao,prototype,0.5,5000,2,0.9860775612571626,5000,27572,3.53,149.993,2
nomao,stratified_coreset,0.5,5000,2,0.9925344670169924,5000,27572,4.124,136.862,2
nomao,random,0.5,5000,3,0.9910009493204788,5000,27572,0.0,151.566,2
nomao,stratified,0.5,5000,3,0.991098418665596,5000,27572,0.003,144.763,2
nomao,coreset,0.5,5000,3,0.992390789982338,5000,27572,6.881,144.549,2
nomao,prototype,0.5,5000,3,0.9882928486586772,5000,27572,3.512,129.183,2
nomao,stratified_coreset,0.5,5000,3,0.991753061981427,5000,27572,4.9,156.81,2
nomao,random,0.5,5000,4,0.9911589631159496,5000,27572,0.0,136.819,2
nomao,stratified,0.5,5000,4,0.9904956558583308,5000,27572,0.004,136.177,2
nomao,coreset,0.5,5000,4,0.99164465956691,5000,27572,7.236,136.978,2
nomao,prototype,0.5,5000,4,0.9888430089622288,5000,27572,3.477,141.003,2
nomao,stratified_coreset,0.5,5000,4,0.9917053071594276,5000,27572,4.819,157.47,2
nomao,random,1.0,10000,1,0.991461582225552,10000,27572,0.0,367.125,2
nomao,stratified,1.0,10000,1,0.9910930552730608,10000,27572,0.003,357.887,2
nomao,coreset,1.0,10000,1,0.9923366403461616,10000,27572,13.119,321.097,2
nomao,prototype,1.0,10000,1,0.9911878429219102,10000,27572,3.466,338.626,2
nomao,stratified_coreset,1.0,10000,1,0.9918084493235731,10000,27572,8.952,361.096,2
nomao,random,1.0,10000,2,0.9932801848637636,10000,27572,0.001,334.513,2
nomao,stratified,1.0,10000,2,0.9935772342965024,10000,27572,0.004,329.962,2
nomao,coreset,1.0,10000,2,0.993879131410956,10000,27572,12.755,347.181,2
nomao,prototype,1.0,10000,2,0.9919021024086172,10000,27572,3.518,353.613,2
nomao,stratified_coreset,1.0,10000,2,0.993717610781904,10000,27572,8.576,337.374,2
nomao,random,1.0,10000,3,0.9920397971977511,10000,27572,0.0,345.091,2
nomao,stratified,1.0,10000,3,0.9929773594698328,10000,27572,0.003,339.979,2
nomao,coreset,1.0,10000,3,0.9925210585356536,10000,27572,12.507,327.038,2
nomao,prototype,1.0,10000,3,0.9914908746001696,10000,27572,3.514,332.755,2
nomao,stratified_coreset,1.0,10000,3,0.9924219389159098,10000,27572,8.86,332.101,2
nomao,random,1.0,10000,4,0.9922121993251202,10000,27572,0.0,352.41,2
nomao,stratified,1.0,10000,4,0.9922678445226766,10000,27572,0.003,321.352,2
nomao,coreset,1.0,10000,4,0.9932247975216176,10000,27572,13.429,369.285,2
nomao,prototype,1.0,10000,4,0.9912516879215164,10000,27572,3.509,363.285,2
nomao,stratified_coreset,1.0,10000,4,0.9927265177266312,10000,27572,8.269,330.638,2
connect-4,random,0.1,1000,1,0.8004710627226866,1000,54045,0.0,12.383,3
connect-4,stratified,0.1,1000,1,0.7847475005935743,1000,54045,0.007,11.915,3
connect-4,coreset,0.1,1000,1,0.7570304952656842,1000,54045,2.335,12.971,3
connect-4,prototype,0.1,1000,1,0.5450422383504946,1000,54045,13.82,12.21,3
connect-4,stratified_coreset,0.1,1000,1,0.6829948655610778,1000,54045,1.019,12.1,3
connect-4,random,0.1,1000,2,0.7924767468908048,1000,54045,0.0,12.434,3
connect-4,stratified,0.1,1000,2,0.7846624673149596,1000,54045,0.007,11.862,3
connect-4,coreset,0.1,1000,2,0.7112469663566201,1000,54045,2.234,12.129,3
connect-4,prototype,0.1,1000,2,0.5856752883609054,1000,54045,13.853,12.162,3
connect-4,stratified_coreset,0.1,1000,2,0.679075881518577,1000,54045,1.111,12.315,3
connect-4,random,0.1,1000,3,0.7718311908973999,1000,54045,0.0,12.58,3
connect-4,stratified,0.1,1000,3,0.7832139529236083,1000,54045,0.007,12.152,3
connect-4,coreset,0.1,1000,3,0.7406926728612651,1000,54045,2.183,12.664,3
connect-4,prototype,0.1,1000,3,0.5526777633357906,1000,54045,13.764,12.495,3
connect-4,stratified_coreset,0.1,1000,3,0.695377768780583,1000,54045,1.079,12.65,3
connect-4,random,0.1,1000,4,0.7978005927847719,1000,54045,0.0,12.472,3
connect-4,stratified,0.1,1000,4,0.793224705177404,1000,54045,0.007,12.985,3
connect-4,coreset,0.1,1000,4,0.73255109604378,1000,54045,2.11,12.837,3
connect-4,prototype,0.1,1000,4,0.6045486854740038,1000,54045,13.788,12.316,3
connect-4,stratified_coreset,0.1,1000,4,0.708805773161577,1000,54045,0.987,12.499,3
connect-4,random,0.25,2500,1,0.8288506328169105,2500,54045,0.0,21.302,3
connect-4,stratified,0.25,2500,1,0.8277012089951775,2500,54045,0.007,23.602,3
connect-4,coreset,0.25,2500,1,0.8090209020733292,2500,54045,4.623,22.545,3
connect-4,prototype,0.25,2500,1,0.6729370678882037,2500,54045,13.79,23.393,3
connect-4,stratified_coreset,0.25,2500,1,0.7802374194933259,2500,54045,2.364,22.476,3
connect-4,random,0.25,2500,2,0.8350669739318074,2500,54045,0.0,22.333,3
connect-4,stratified,0.25,2500,2,0.8285159900433635,2500,54045,0.008,22.688,3
connect-4,coreset,0.25,2500,2,0.8103783512225475,2500,54045,5.146,22.389,3
connect-4,prototype,0.25,2500,2,0.6517523103693031,2500,54045,13.785,23.185,3
connect-4,stratified_coreset,0.25,2500,2,0.7659930673503098,2500,54045,2.59,22.171,3
connect-4,random,0.25,2500,3,0.831559441082554,2500,54045,0.0,23.144,3
connect-4,stratified,0.25,2500,3,0.8264355877127626,2500,54045,0.007,22.623,3
connect-4,coreset,0.25,2500,3,0.7958576725894603,2500,54045,4.701,22.152,3
connect-4,prototype,0.25,2500,3,0.6578629033986925,2500,54045,13.789,22.527,3
connect-4,stratified_coreset,0.25,2500,3,0.7737238608335436,2500,54045,2.742,22.721,3
connect-4,random,0.25,2500,4,0.8277463325529569,2500,54045,0.0,22.493,3
connect-4,stratified,0.25,2500,4,0.8304591556070949,2500,54045,0.007,22.52,3
connect-4,coreset,0.25,2500,4,0.8074888315142603,2500,54045,5.11,22.14,3
connect-4,prototype,0.25,2500,4,0.7010677574290402,2500,54045,14.063,22.19,3
connect-4,stratified_coreset,0.25,2500,4,0.788056331708034,2500,54045,2.878,21.794,3
connect-4,random,0.5,5000,1,0.8480124567848203,5000,54045,0.0,40.198,3
connect-4,stratified,0.5,5000,1,0.85190544282028,5000,54045,0.007,40.186,3
connect-4,coreset,0.5,5000,1,0.8491866208900412,5000,54045,10.264,40.943,3
connect-4,prototype,0.5,5000,1,0.7165418582041615,5000,54045,14.233,40.438,3
connect-4,stratified_coreset,0.5,5000,1,0.8105888673273384,5000,54045,4.875,40.725,3
connect-4,random,0.5,5000,2,0.8484547793145366,5000,54045,0.0,40.566,3
connect-4,stratified,0.5,5000,2,0.8501932859907025,5000,54045,0.007,40.711,3
connect-4,coreset,0.5,5000,2,0.8355288744368208,5000,54045,9.892,40.907,3
connect-4,prototype,0.5,5000,2,0.7376360816550583,5000,54045,13.853,40.84,3
connect-4,stratified_coreset,0.5,5000,2,0.8003331204992126,5000,54045,5.055,40.49,3
connect-4,random,0.5,5000,3,0.8548971511132617,5000,54045,0.0,43.026,3
connect-4,stratified,0.5,5000,3,0.8512291072173005,5000,54045,0.007,41.069,3
connect-4,coreset,0.5,5000,3,0.8372908377043099,5000,54045,9.573,41.235,3
connect-4,prototype,0.5,5000,3,0.7497276531912211,5000,54045,13.866,41.203,3
connect-4,stratified_coreset,0.5,5000,3,0.813983649436973,5000,54045,4.53,42.062,3
connect-4,random,0.5,5000,4,0.8604032109522892,5000,54045,0.001,42.184,3
connect-4,stratified,0.5,5000,4,0.8575590129632449,5000,54045,0.007,42.872,3
connect-4,coreset,0.5,5000,4,0.8454266473820887,5000,54045,9.567,43.324,3
connect-4,prototype,0.5,5000,4,0.7544928364375191,5000,54045,13.9,43.431,3
connect-4,stratified_coreset,0.5,5000,4,0.8154040145178235,5000,54045,5.007,42.342,3
jannis,random,0.1,1000,1,0.810915922647791,1000,66986,0.001,28.115,4
jannis,stratified,0.1,1000,1,0.8359221743358602,1000,66986,0.009,27.979,4
jannis,coreset,0.1,1000,1,0.7967896504042254,1000,66986,3.218,28.511,4
jannis,prototype,0.1,1000,1,0.7820079444281617,1000,66986,60.374,28.734,4
jannis,stratified_coreset,0.1,1000,1,0.7670785884785298,1000,66986,1.225,27.907,4
jannis,random,0.1,1000,2,0.8235359829990194,1000,66986,0.001,29.204,4
jannis,stratified,0.1,1000,2,0.8214173278968053,1000,66986,0.009,28.044,4
jannis,coreset,0.1,1000,2,0.8153620426600133,1000,66986,2.938,28.379,4
jannis,prototype,0.1,1000,2,0.7876060442326402,1000,66986,58.27,29.251,4
jannis,stratified_coreset,0.1,1000,2,0.7910242789248736,1000,66986,1.147,28.205,4
jannis,random,0.1,1000,3,0.8225667493979467,1000,66986,0.001,28.299,4
jannis,stratified,0.1,1000,3,0.8195280528126396,1000,66986,0.009,30.493,4
jannis,coreset,0.1,1000,3,0.8048765258365687,1000,66986,3.42,28.073,4
jannis,prototype,0.1,1000,3,0.7650347758259227,1000,66986,64.625,28.373,4
jannis,stratified_coreset,0.1,1000,3,0.7660387354523993,1000,66986,1.146,28.48,4
jannis,random,0.1,1000,4,0.8153152920887459,1000,66986,0.001,28.626,4
jannis,stratified,0.1,1000,4,0.8252622403054454,1000,66986,0.009,28.356,4
jannis,coreset,0.1,1000,4,0.7912835730655248,1000,66986,3.145,29.784,4
jannis,prototype,0.1,1000,4,0.7633196876660954,1000,66986,58.721,27.264,4
jannis,stratified_coreset,0.1,1000,4,0.7491006687889761,1000,66986,1.223,27.727,4
jannis,random,0.25,2500,1,0.8445663641433161,2500,66986,0.001,46.765,4
jannis,stratified,0.25,2500,1,0.8467895636225476,2500,66986,0.009,47.572,4
jannis,coreset,0.25,2500,1,0.8413951065598166,2500,66986,7.835,46.647,4
jannis,prototype,0.25,2500,1,0.8137454472647283,2500,66986,58.731,50.34,4
jannis,stratified_coreset,0.25,2500,1,0.8148387163795341,2500,66986,2.537,51.765,4
jannis,random,0.25,2500,2,0.8459867979905131,2500,66986,0.001,51.721,4
jannis,stratified,0.25,2500,2,0.8478156132826554,2500,66986,0.009,47.548,4
jannis,coreset,0.25,2500,2,0.842997665655755,2500,66986,7.836,46.666,4
jannis,prototype,0.25,2500,2,0.8168417493613319,2500,66986,61.854,45.805,4
jannis,stratified_coreset,0.25,2500,2,0.8295599551286529,2500,66986,2.91,49.575,4
jannis,random,0.25,2500,3,0.8426777215518126,2500,66986,0.001,49.022,4
jannis,stratified,0.25,2500,3,0.8390274241133118,2500,66986,0.009,49.98,4
jannis,coreset,0.25,2500,3,0.8366443193998225,2500,66986,8.345,50.547,4
jannis,prototype,0.25,2500,3,0.8251876877753671,2500,66986,61.321,48.421,4
jannis,stratified_coreset,0.25,2500,3,0.8310608700703281,2500,66986,2.759,50.75,4
jannis,random,0.25,2500,4,0.841318574432497,2500,66986,0.001,49.558,4
jannis,stratified,0.25,2500,4,0.8423910539839423,2500,66986,0.009,48.307,4
jannis,coreset,0.25,2500,4,0.8420254478226203,2500,66986,8.219,49.519,4
jannis,prototype,0.25,2500,4,0.8172533729748678,2500,66986,64.062,46.481,4
jannis,stratified_coreset,0.25,2500,4,0.827362417136004,2500,66986,2.858,46.031,4
jannis,random,0.5,5000,1,0.8539582539845372,5000,66986,0.001,86.661,4
jannis,stratified,0.5,5000,1,0.855369790507851,5000,66986,0.01,86.594,4
jannis,coreset,0.5,5000,1,0.848599449819432,5000,66986,15.35,87.536,4
jannis,prototype,0.5,5000,1,0.8377675671294679,5000,66986,65.773,84.315,4
jannis,stratified_coreset,0.5,5000,1,0.8455224698924703,5000,66986,5.278,90.902,4
jannis,random,0.5,5000,2,0.8554424232234404,5000,66986,0.001,88.071,4
jannis,stratified,0.5,5000,2,0.8543895818779706,5000,66986,0.009,91.948,4
jannis,coreset,0.5,5000,2,0.8529217848142838,5000,66986,15.418,95.649,4
jannis,prototype,0.5,5000,2,0.8342386435784068,5000,66986,59.424,84.491,4
jannis,stratified_coreset,0.5,5000,2,0.8462015124873408,5000,66986,5.765,82.813,4
jannis,random,0.5,5000,3,0.8536278290816397,5000,66986,0.001,86.084,4
jannis,stratified,0.5,5000,3,0.8498480442380145,5000,66986,0.01,90.824,4
jannis,coreset,0.5,5000,3,0.8504750990692815,5000,66986,15.516,89.284,4
jannis,prototype,0.5,5000,3,0.8377657440766959,5000,66986,58.688,84.255,4
jannis,stratified_coreset,0.5,5000,3,0.8478853662331396,5000,66986,5.815,83.425,4
jannis,random,0.5,5000,4,0.8505294631101659,5000,66986,0.001,84.305,4
jannis,stratified,0.5,5000,4,0.8583898117014864,5000,66986,0.009,90.711,4
jannis,coreset,0.5,5000,4,0.8491997090831458,5000,66986,15.12,93.759,4
jannis,prototype,0.5,5000,4,0.8439802777277425,5000,66986,66.241,88.016,4
jannis,stratified_coreset,0.5,5000,4,0.8492123900638504,5000,66986,5.79,85.826,4
volkert,random,0.1,1000,1,0.8627881345197486,1000,46648,0.0,74.551,10
volkert,stratified,0.1,1000,1,0.8682243477881016,1000,46648,0.007,74.345,10
volkert,coreset,0.1,1000,1,0.841401835569334,1000,46648,2.251,77.633,10
volkert,prototype,0.1,1000,1,0.8084018877484687,1000,46648,24.013,74.611,10
volkert,stratified_coreset,0.1,1000,1,0.770267163004538,1000,46648,0.4,75.245,10
volkert,random,0.1,1000,2,0.8771324025813184,1000,46648,0.0,75.764,10
volkert,stratified,0.1,1000,2,0.8739463433381388,1000,46648,0.007,77.361,10
volkert,coreset,0.1,1000,2,0.8357316324047754,1000,46648,2.176,76.284,10
volkert,prototype,0.1,1000,2,0.7892898253900957,1000,46648,24.015,76.495,10
volkert,stratified_coreset,0.1,1000,2,0.7601686223054143,1000,46648,0.429,74.237,10
volkert,random,0.1,1000,3,0.87077146748051,1000,46648,0.001,77.349,10
volkert,stratified,0.1,1000,3,0.8640875369145953,1000,46648,0.008,78.278,10
volkert,coreset,0.1,1000,3,0.8427041882309692,1000,46648,2.047,76.977,10
volkert,prototype,0.1,1000,3,0.8232523454562308,1000,46648,23.168,81.273,10
volkert,stratified_coreset,0.1,1000,3,0.7776008609598775,1000,46648,0.438,78.975,10
volkert,random,0.1,1000,4,0.8642597868990988,1000,46648,0.001,75.227,10
volkert,stratified,0.1,1000,4,0.8699438911453262,1000,46648,0.007,77.095,10
volkert,coreset,0.1,1000,4,0.8395506827081171,1000,46648,2.345,76.808,10
volkert,prototype,0.1,1000,4,0.8227803186208309,1000,46648,23.672,73.983,10
volkert,stratified_coreset,0.1,1000,4,0.7713271692374183,1000,46648,0.384,76.806,10
volkert,random,0.25,2500,1,0.888603862162908,2500,46648,0.0,125.693,10
volkert,stratified,0.25,2500,1,0.8870577166349201,2500,46648,0.007,129.638,10
volkert,coreset,0.25,2500,1,0.8584556808453524,2500,46648,5.584,129.67,10
volkert,prototype,0.25,2500,1,0.8476631112300159,2500,46648,23.654,122.162,10
volkert,stratified_coreset,0.25,2500,1,0.8368548097648176,2500,46648,0.974,127.154,10
volkert,random,0.25,2500,2,0.8934273717436007,2500,46648,0.0,126.037,10
volkert,stratified,0.25,2500,2,0.8940449594627478,2500,46648,0.007,126.295,10
volkert,coreset,0.25,2500,2,0.8612567216172948,2500,46648,5.801,128.354,10
volkert,prototype,0.25,2500,2,0.8513059396259035,2500,46648,23.008,123.516,10
volkert,stratified_coreset,0.25,2500,2,0.8371487668895428,2500,46648,0.782,128.231,10
volkert,random,0.25,2500,3,0.8903927813415635,2500,46648,0.001,129.758,10
volkert,stratified,0.25,2500,3,0.8906730824185791,2500,46648,0.007,132.559,10
volkert,coreset,0.25,2500,3,0.8604303543617944,2500,46648,5.189,127.897,10
volkert,prototype,0.25,2500,3,0.8535161674718929,2500,46648,23.201,126.367,10
volkert,stratified_coreset,0.25,2500,3,0.8251106558296056,2500,46648,0.938,129.839,10
volkert,random,0.25,2500,4,0.8870756987598394,2500,46648,0.001,132.048,10
volkert,stratified,0.25,2500,4,0.8925908893288936,2500,46648,0.007,133.963,10
volkert,coreset,0.25,2500,4,0.860419230223829,2500,46648,5.376,127.145,10
volkert,prototype,0.25,2500,4,0.8438841621447933,2500,46648,23.295,132.029,10
volkert,stratified_coreset,0.25,2500,4,0.8294060119665498,2500,46648,0.873,126.137,10
volkert,random,0.5,5000,1,0.9003004193267052,5000,46648,0.001,260.83,10
volkert,stratified,0.5,5000,1,0.8984555134861987,5000,46648,0.008,261.091,10
volkert,coreset,0.5,5000,1,0.8723871704110782,5000,46648,11.249,236.914,10
volkert,prototype,0.5,5000,1,0.8683817612480533,5000,46648,23.473,238.928,10
volkert,stratified_coreset,0.5,5000,1,0.8641902761259713,5000,46648,1.675,249.743,10
volkert,random,0.5,5000,2,0.9044414949922988,5000,46648,0.0,254.748,10
volkert,stratified,0.5,5000,2,0.9056706173858238,5000,46648,0.007,245.429,10
volkert,coreset,0.5,5000,2,0.8800012231120071,5000,46648,10.747,255.971,10
volkert,prototype,0.5,5000,2,0.8771282532495664,5000,46648,23.043,258.028,10
volkert,stratified_coreset,0.5,5000,2,0.8664685463821968,5000,46648,1.599,261.868,10
volkert,random,0.5,5000,3,0.9040509212723892,5000,46648,0.001,249.708,10
volkert,stratified,0.5,5000,3,0.904315257612574,5000,46648,0.007,252.307,10
volkert,coreset,0.5,5000,3,0.8770689508509385,5000,46648,10.194,249.2,10
volkert,prototype,0.5,5000,3,0.869868816309672,5000,46648,22.552,238.049,10
volkert,stratified_coreset,0.5,5000,3,0.864769538596158,5000,46648,1.604,267.043,10
volkert,random,0.5,5000,4,0.9032055211473212,5000,46648,0.001,253.597,10
volkert,stratified,0.5,5000,4,0.9028977626931016,5000,46648,0.008,251.33,10
volkert,coreset,0.5,5000,4,0.8734176196217767,5000,46648,10.947,246.571,10
volkert,prototype,0.5,5000,4,0.8734284246829006,5000,46648,22.453,231.395,10
volkert,stratified_coreset,0.5,5000,4,0.8648753989161362,5000,46648,1.668,247.125,10
connect-4,random,1.0,10000,1,0.8569082082659607,10000,54045,0.001,96.155,3
connect-4,stratified,1.0,10000,1,0.8554480408934837,10000,54045,0.007,96.158,3
connect-4,coreset,1.0,10000,1,0.8551814776723147,10000,54045,17.721,93.578,3
connect-4,prototype,1.0,10000,1,0.8189182654379615,10000,54045,13.934,91.51,3
connect-4,stratified_coreset,1.0,10000,1,0.8234850990510605,10000,54045,8.959,92.015,3
connect-4,random,1.0,10000,2,0.8571209302118402,10000,54045,0.001,94.003,3
connect-4,stratified,1.0,10000,2,0.8561126736926393,10000,54045,0.008,96.269,3
connect-4,coreset,1.0,10000,2,0.8586947438544247,10000,54045,17.509,95.261,3
connect-4,prototype,1.0,10000,2,0.8185348922484174,10000,54045,13.924,92.64,3
connect-4,stratified_coreset,1.0,10000,2,0.8122177671543273,10000,54045,9.883,94.278,3
connect-4,random,1.0,10000,3,0.872649978626463,10000,54045,0.001,98.221,3
connect-4,stratified,1.0,10000,3,0.868724063521476,10000,54045,0.007,101.365,3
connect-4,coreset,1.0,10000,3,0.864519340506081,10000,54045,16.771,96.27,3
connect-4,prototype,1.0,10000,3,0.8191097018971206,10000,54045,13.933,92.057,3
connect-4,stratified_coreset,1.0,10000,3,0.8329639819678653,10000,54045,8.607,92.411,3
connect-4,random,1.0,10000,4,0.8678931870683083,10000,54045,0.001,93.75,3
connect-4,stratified,1.0,10000,4,0.8694264002111369,10000,54045,0.007,96.045,3
connect-4,coreset,1.0,10000,4,0.8743576889420157,10000,54045,18.043,93.634,3
connect-4,prototype,1.0,10000,4,0.8308381180138121,10000,54045,13.924,91.43,3
connect-4,stratified_coreset,1.0,10000,4,0.8388056953966424,10000,54045,9.106,91.596,3
jannis,random,1.0,10000,1,0.8620053745915619,10000,66986,0.001,181.917,4
jannis,stratified,1.0,10000,1,0.8642554444991924,10000,66986,0.009,190.57,4
jannis,coreset,1.0,10000,1,0.8600322811850855,10000,66986,27.635,180.984,4
jannis,stratified_coreset,1.0,10000,1,0.8581792602042017,10000,66986,10.175,181.987,4
jannis,random,1.0,10000,2,0.8646915899252801,10000,66986,0.001,192.833,4
jannis,stratified,1.0,10000,2,0.8626799192100225,10000,66986,0.012,189.234,4
jannis,coreset,1.0,10000,2,0.8627292595592192,10000,66986,27.376,180.694,4
jannis,stratified_coreset,1.0,10000,2,0.8583039137176224,10000,66986,10.518,182.39,4
jannis,random,1.0,10000,3,0.8611188996125803,10000,66986,0.001,192.863,4
jannis,stratified,1.0,10000,3,0.8591007258788301,10000,66986,0.009,191.104,4
jannis,coreset,1.0,10000,3,0.8600264059419974,10000,66986,28.233,181.586,4
jannis,stratified_coreset,1.0,10000,3,0.8578740798563875,10000,66986,10.543,194.834,4
jannis,random,1.0,10000,4,0.8539866595933421,10000,66986,0.001,193.26,4
jannis,stratified,1.0,10000,4,0.8568050524266559,10000,66986,0.009,191.104,4
jannis,coreset,1.0,10000,4,0.8598156716152249,10000,66986,27.309,182.415,4
jannis,stratified_coreset,1.0,10000,4,0.8581909188881057,10000,66986,9.577,183.826,4
volkert,random,1.0,10000,1,0.9079209984067186,10000,46648,0.0,552.866,10
volkert,stratified,1.0,10000,1,0.9085219681103728,10000,46648,0.007,550.21,10
volkert,coreset,1.0,10000,1,0.884077686382428,10000,46648,18.829,564.67,10
volkert,stratified_coreset,1.0,10000,1,0.8888071701058351,10000,46648,2.964,582.339,10
volkert,random,1.0,10000,2,0.9157500988374624,10000,46648,0.001,555.848,10
volkert,stratified,1.0,10000,2,0.910877549584086,10000,46648,0.009,549.872,10
volkert,coreset,1.0,10000,2,0.8919493373836478,10000,46648,20.811,558.289,10
volkert,stratified_coreset,1.0,10000,2,0.8935159490500327,10000,46648,3.383,596.746,10
volkert,random,1.0,10000,3,0.911802257581914,10000,46648,0.001,580.816,10
volkert,stratified,1.0,10000,3,0.9116044846754704,10000,46648,0.008,587.511,10
volkert,coreset,1.0,10000,3,0.887738746370688,10000,46648,20.218,591.813,10
volkert,stratified_coreset,1.0,10000,3,0.8858283874737485,10000,46648,2.966,536.269,10
volkert,random,1.0,10000,4,0.9102445512595267,10000,46648,0.0,546.763,10
volkert,stratified,1.0,10000,4,0.9119043033619828,10000,46648,0.007,576.136,10
volkert,coreset,1.0,10000,4,0.887977706631369,10000,46648,18.991,548.532,10
volkert,stratified_coreset,1.0,10000,4,0.8884336283558272,10000,46648,3.033,564.883,10
jannis,prototype,1.0,10000,1,0.853878920951408,10000,66986,71.228,206.035,4
jannis,prototype,1.0,10000,2,0.8489560790538044,10000,66986,67.821,206.669,4
jannis,prototype,1.0,10000,3,0.8553301607023581,10000,66986,52.985,219.564,4
jannis,prototype,1.0,10000,4,0.8544654458924058,10000,66986,54.796,214.886,4
volkert,prototype,1.0,10000,1,0.9018261267420934,10000,46648,26.822,571.441,10
volkert,prototype,1.0,10000,2,0.903986337613292,10000,46648,26.389,562.709,10
volkert,prototype,1.0,10000,3,0.904330971148394,10000,46648,26.36,566.013,10
volkert,prototype,1.0,10000,4,0.8972967739112588,10000,46648,22.796,545.395,10
mozilla4,random,0.1,1000,1,0.9608085464299077,1000,12436,0.0,1.128,2
mozilla4,stratified,0.1,1000,1,0.9599786958123956,1000,12436,0.002,0.981,2
mozilla4,coreset,0.1,1000,1,0.9625240398815892,1000,12436,0.16,1.004,2
mozilla4,prototype,0.1,1000,1,0.9203887264090348,1000,12436,0.099,0.989,2
mozilla4,stratified_coreset,0.1,1000,1,0.9187674702308672,1000,12436,0.107,0.997,2
mozilla4,random,0.1,1000,2,0.9623651023904387,1000,12436,0.0,0.992,2
mozilla4,stratified,0.1,1000,2,0.9608399588544123,1000,12436,0.002,1.007,2
mozilla4,coreset,0.1,1000,2,0.9460001669078077,1000,12436,0.125,1.022,2
mozilla4,prototype,0.1,1000,2,0.9145933685089975,1000,12436,0.097,1.011,2
mozilla4,stratified_coreset,0.1,1000,2,0.9162544762704918,1000,12436,0.106,1.0,2
mozilla4,random,0.1,1000,3,0.9616205810454618,1000,12436,0.0,1.008,2
mozilla4,stratified,0.1,1000,3,0.9609956144504654,1000,12436,0.002,1.028,2
mozilla4,coreset,0.1,1000,3,0.9561838873953661,1000,12436,0.144,1.066,2
mozilla4,prototype,0.1,1000,3,0.9184088059809257,1000,12436,0.097,1.068,2
mozilla4,stratified_coreset,0.1,1000,3,0.9250733972396449,1000,12436,0.09,1.05,2
mozilla4,random,0.1,1000,4,0.9586650000890801,1000,12436,0.0,1.09,2
mozilla4,stratified,0.1,1000,4,0.9625788944139332,1000,12436,0.002,1.064,2
mozilla4,coreset,0.1,1000,4,0.9559475909483458,1000,12436,0.151,1.022,2
mozilla4,prototype,0.1,1000,4,0.9161743042616814,1000,12436,0.097,1.05,2
mozilla4,stratified_coreset,0.1,1000,4,0.9035708894029483,1000,12436,0.121,1.03,2
mozilla4,random,0.25,2500,1,0.9686107831820692,2500,12436,0.0,2.203,2
mozilla4,stratified,0.25,2500,1,0.9618414057013082,2500,12436,0.002,2.187,2
mozilla4,coreset,0.25,2500,1,0.9617570141130866,2500,12436,0.324,2.232,2
mozilla4,prototype,0.25,2500,1,0.9341478371842465,2500,12436,0.098,2.13,2
mozilla4,stratified_coreset,0.25,2500,1,0.9491995457857185,2500,12436,0.194,2.269,2
mozilla4,random,0.25,2500,2,0.9688238719423287,2500,12436,0.0,2.22,2
mozilla4,stratified,0.25,2500,2,0.9677103718199608,2500,12436,0.002,2.25,2
mozilla4,coreset,0.25,2500,2,0.955909614733646,2500,12436,0.359,2.117,2
mozilla4,prototype,0.25,2500,2,0.9285845561518186,2500,12436,0.1,2.052,2
mozilla4,stratified_coreset,0.25,2500,2,0.9525752093145808,2500,12436,0.207,1.98,2
mozilla4,random,0.25,2500,3,0.9700137933362527,2500,12436,0.0,2.189,2
mozilla4,stratified,0.25,2500,3,0.9680502823836311,2500,12436,0.002,2.225,2
mozilla4,coreset,0.25,2500,3,0.9642123404881772,2500,12436,0.314,2.136,2
mozilla4,prototype,0.25,2500,3,0.932904467784449,2500,12436,0.098,2.07,2
mozilla4,stratified_coreset,0.25,2500,3,0.9573827167902691,2500,12436,0.199,2.179,2
mozilla4,random,0.25,2500,4,0.9699153364833275,2500,12436,0.0,2.285,2
mozilla4,stratified,0.25,2500,4,0.9678378968866067,2500,12436,0.002,2.299,2
mozilla4,coreset,0.25,2500,4,0.9643529931352132,2500,12436,0.344,2.084,2
mozilla4,prototype,0.25,2500,4,0.9288269475468772,2500,12436,0.097,2.017,2
mozilla4,stratified_coreset,0.25,2500,4,0.9538935934594643,2500,12436,0.219,2.27,2
mozilla4,random,0.5,5000,1,0.9718713459614405,5000,12436,0.0,5.118,2
mozilla4,stratified,0.5,5000,1,0.968768079725671,5000,12436,0.002,4.924,2
mozilla4,coreset,0.5,5000,1,0.96800668006305,5000,12436,0.719,4.974,2
mozilla4,prototype,0.5,5000,1,0.966581399906419,5000,12436,0.098,5.081,2
mozilla4,stratified_coreset,0.5,5000,1,0.9715440941360034,5000,12436,0.368,4.967,2
mozilla4,random,0.5,5000,2,0.9733219435945378,5000,12436,0.0,5.154,2
mozilla4,stratified,0.5,5000,2,0.9722290725270687,5000,12436,0.002,5.189,2
mozilla4,coreset,0.5,5000,2,0.9679401044767862,5000,12436,0.66,4.653,2
mozilla4,prototype,0.5,5000,2,0.9718169602712533,5000,12436,0.098,5.356,2
mozilla4,stratified_coreset,0.5,5000,2,0.9687315100374417,5000,12436,0.537,5.095,2
mozilla4,random,0.5,5000,3,0.9742047733757666,5000,12436,0.0,5.21,2
mozilla4,stratified,0.5,5000,3,0.9746445473188323,5000,12436,0.002,5.204,2
mozilla4,coreset,0.5,5000,3,0.96858148054727,5000,12436,0.826,5.119,2
mozilla4,prototype,0.5,5000,3,0.9680615345953939,5000,12436,0.098,4.894,2
mozilla4,stratified_coreset,0.5,5000,3,0.9707737864724034,5000,12436,0.393,4.861,2
mozilla4,random,0.5,5000,4,0.9710921302968615,5000,12436,0.0,5.115,2
mozilla4,stratified,0.5,5000,4,0.9744002805551466,5000,12436,0.002,5.162,2
mozilla4,coreset,0.5,5000,4,0.969209260195207,5000,12436,0.695,5.17,2
mozilla4,prototype,0.5,5000,4,0.9643323640803145,5000,12436,0.098,4.85,2
mozilla4,stratified_coreset,0.5,5000,4,0.9696232478196496,5000,12436,0.38,5.143,2
mozilla4,random,1.0,10000,1,0.9767580877616258,10000,12436,0.0,14.274,2
mozilla4,stratified,1.0,10000,1,0.9737532783787813,10000,12436,0.002,14.227,2
mozilla4,coreset,1.0,10000,1,0.9763684799293361,10000,12436,1.375,14.183,2
mozilla4,prototype,1.0,10000,1,0.9745906304708019,10000,12436,0.114,14.428,2
mozilla4,stratified_coreset,1.0,10000,1,0.9770595532684394,10000,12436,0.841,14.368,2
mozilla4,random,1.0,10000,2,0.9777154634457835,10000,12436,0.0,15.0,2
mozilla4,stratified,1.0,10000,2,0.9764219279352098,10000,12436,0.002,14.402,2
mozilla4,coreset,1.0,10000,2,0.9744241915051428,10000,12436,1.448,14.933,2
mozilla4,prototype,1.0,10000,2,0.9753220242353888,10000,12436,0.115,14.189,2
mozilla4,stratified_coreset,1.0,10000,2,0.9771519151733263,10000,12436,0.783,15.498,2
mozilla4,random,1.0,10000,3,0.9777871962957718,10000,12436,0.0,15.408,2
mozilla4,stratified,1.0,10000,3,0.9773497665634902,10000,12436,0.002,13.97,2
mozilla4,coreset,1.0,10000,3,0.9784913972152651,10000,12436,1.401,15.692,2
mozilla4,prototype,1.0,10000,3,0.9760203646279222,10000,12436,0.116,14.517,2
mozilla4,stratified_coreset,1.0,10000,3,0.9803437925767283,10000,12436,0.926,14.924,2
mozilla4,random,1.0,10000,4,0.9768898324076826,10000,12436,0.0,14.165,2
mozilla4,stratified,1.0,10000,4,0.977273345291934,10000,12436,0.002,16.005,2
mozilla4,coreset,1.0,10000,4,0.9775295675306178,10000,12436,1.364,16.498,2
mozilla4,prototype,1.0,10000,4,0.9776235703830534,10000,12436,0.111,14.168,2
mozilla4,stratified_coreset,1.0,10000,4,0.978540156799571,10000,12436,0.775,15.64,2
adult,random,0.1,1000,1,0.9031496957639022,1000,39073,0.0,8.354,2
adult,stratified,0.1,1000,1,0.9053447980329785,1000,39073,0.005,8.298,2
adult,coreset,0.1,1000,1,0.9096128062232994,1000,39073,0.6,8.124,2
adult,prototype,0.1,1000,1,0.7642547248774842,1000,39073,2.646,7.743,2
adult,stratified_coreset,0.1,1000,1,0.8625869548175118,1000,39073,0.415,8.447,2
adult,random,0.1,1000,2,0.9021383382378791,1000,39073,0.0,8.754,2
adult,stratified,0.1,1000,2,0.9071725630001892,1000,39073,0.005,8.876,2
adult,coreset,0.1,1000,2,0.9071654833248319,1000,39073,0.626,8.645,2
adult,prototype,0.1,1000,2,0.6964327300183646,1000,39073,2.64,7.028,2
adult,stratified_coreset,0.1,1000,2,0.8837451689849437,1000,39073,0.364,8.065,2
adult,random,0.1,1000,3,0.9055703115943557,1000,39073,0.0,8.249,2
adult,stratified,0.1,1000,3,0.8950491657552305,1000,39073,0.005,8.402,2
adult,coreset,0.1,1000,3,0.8930434591915425,1000,39073,0.642,8.074,2
adult,prototype,0.1,1000,3,0.7170239370155244,1000,39073,2.634,5.412,2
adult,stratified_coreset,0.1,1000,3,0.8653693535703839,1000,39073,0.354,8.074,2
adult,random,0.1,1000,4,0.9030182900822729,1000,39073,0.0,8.419,2
adult,stratified,0.1,1000,4,0.906508483695853,1000,39073,0.005,8.318,2
adult,coreset,0.1,1000,4,0.9054809234981793,1000,39073,0.687,8.35,2
adult,prototype,0.1,1000,4,0.7497760692928693,1000,39073,2.623,6.983,2
adult,stratified_coreset,0.1,1000,4,0.8830286828154637,1000,39073,0.356,8.067,2
adult,random,0.25,2500,1,0.9102786410568908,2500,39073,0.0,14.954,2
adult,stratified,0.25,2500,1,0.9102044483614811,2500,39073,0.005,13.916,2
adult,coreset,0.25,2500,1,0.913306957801336,2500,39073,1.33,13.835,2
adult,prototype,0.25,2500,1,0.8303687048879345,2500,39073,2.651,13.663,2
adult,stratified_coreset,0.25,2500,1,0.8856826689201905,2500,39073,0.855,13.882,2
adult,random,0.25,2500,2,0.909518295435198,2500,39073,0.001,14.043,2
adult,stratified,0.25,2500,2,0.9103137516419954,2500,39073,0.005,13.477,2
adult,coreset,0.25,2500,2,0.9157052409973294,2500,39073,1.292,13.767,2
adult,prototype,0.25,2500,2,0.8026011533078949,2500,39073,2.656,13.36,2
adult,stratified_coreset,0.25,2500,2,0.885980792322731,2500,39073,0.896,13.292,2
adult,random,0.25,2500,3,0.9097776532982826,2500,39073,0.0,14.499,2
adult,stratified,0.25,2500,3,0.9102011675363155,2500,39073,0.005,14.109,2
adult,coreset,0.25,2500,3,0.9104222491058024,2500,39073,1.501,13.411,2
adult,prototype,0.25,2500,3,0.8218003982806634,2500,39073,2.659,13.217,2
adult,stratified_coreset,0.25,2500,3,0.8861388475140382,2500,39073,0.895,13.935,2
adult,random,0.25,2500,4,0.9084225286090833,2500,39073,0.001,13.902,2
adult,stratified,0.25,2500,4,0.9096571261422021,2500,39073,0.005,13.735,2
adult,coreset,0.25,2500,4,0.9113643063949958,2500,39073,1.402,13.461,2
adult,prototype,0.25,2500,4,0.8376950177158804,2500,39073,2.658,13.256,2
adult,stratified_coreset,0.25,2500,4,0.8880857294580917,2500,39073,0.932,13.349,2
adult,random,0.5,5000,1,0.9117838778869967,5000,39073,0.001,25.366,2
adult,stratified,0.5,5000,1,0.9132960504966191,5000,39073,0.006,25.442,2
adult,coreset,0.5,5000,1,0.9125204806949916,5000,39073,2.655,25.146,2
adult,prototype,0.5,5000,1,0.8876765760249498,5000,39073,2.662,25.157,2
adult,stratified_coreset,0.5,5000,1,0.9008429878808621,5000,39073,1.741,24.86,2
adult,random,0.5,5000,2,0.9112879552619773,5000,39073,0.0,25.571,2
adult,stratified,0.5,5000,2,0.9135974547243251,5000,39073,0.006,25.721,2
adult,coreset,0.5,5000,2,0.9154438685924764,5000,39073,2.79,25.228,2
adult,prototype,0.5,5000,2,0.8865157682788872,5000,39073,2.663,24.836,2
adult,stratified_coreset,0.5,5000,2,0.8956360881098406,5000,39073,1.724,25.554,2
adult,random,0.5,5000,3,0.9129552763669271,5000,39073,0.001,25.291,2
adult,stratified,0.5,5000,3,0.913553077247086,5000,39073,0.005,27.488,2
adult,coreset,0.5,5000,3,0.9136742375448653,5000,39073,3.166,24.47,2
adult,prototype,0.5,5000,3,0.891851167035558,5000,39073,2.668,23.371,2
adult,stratified_coreset,0.5,5000,3,0.9023394470646918,5000,39073,1.764,24.499,2
adult,random,0.5,5000,4,0.9134177863777605,5000,39073,0.0,25.04,2
adult,stratified,0.5,5000,4,0.9121856062947638,5000,39073,0.006,24.715,2
adult,coreset,0.5,5000,4,0.9149836896942606,5000,39073,2.576,24.907,2
adult,prototype,0.5,5000,4,0.8915502808328784,5000,39073,2.653,26.047,2
adult,stratified_coreset,0.5,5000,4,0.9025482974877282,5000,39073,1.695,24.542,2
adult,random,1.0,10000,1,0.9134879212104656,10000,39073,0.001,62.976,2
adult,stratified,1.0,10000,1,0.9154773099858304,10000,39073,0.005,62.847,2
adult,coreset,1.0,10000,1,0.9151007633501668,10000,39073,5.113,61.643,2
adult,prototype,1.0,10000,1,0.9121779798152125,10000,39073,2.644,61.231,2
adult,stratified_coreset,1.0,10000,1,0.9103115644252184,10000,39073,3.981,61.66,2
adult,random,1.0,10000,2,0.9152475946659077,10000,39073,0.001,64.794,2
adult,stratified,1.0,10000,2,0.9153844108311436,10000,39073,0.005,62.428,2
adult,coreset,1.0,10000,2,0.9158383158707095,10000,39073,5.921,61.192,2
adult,prototype,1.0,10000,2,0.9098904964164756,10000,39073,2.651,57.847,2
adult,stratified_coreset,1.0,10000,2,0.9042712775038193,10000,39073,3.802,61.89,2
adult,random,1.0,10000,3,0.9147985245265856,10000,39073,0.0,62.756,2
adult,stratified,1.0,10000,3,0.9157292428235402,10000,39073,0.005,59.238,2
adult,coreset,1.0,10000,3,0.9158753834392465,10000,39073,5.849,62.403,2
adult,prototype,1.0,10000,3,0.9103974414628843,10000,39073,2.654,58.886,2
adult,stratified_coreset,1.0,10000,3,0.9093898540078849,10000,39073,3.595,62.709,2
adult,random,1.0,10000,4,0.91592672547517,10000,39073,0.001,60.782,2
adult,stratified,1.0,10000,4,0.9147643924331971,10000,39073,0.005,63.252,2
adult,coreset,1.0,10000,4,0.9165309728889875,10000,39073,5.102,57.024,2
adult,prototype,1.0,10000,4,0.9120527040963922,10000,39073,2.65,58.685,2
adult,stratified_coreset,1.0,10000,4,0.9110754211054215,10000,39073,3.864,60.849,2
numerai28.6,random,0.1,1000,1,0.5058938774817884,1000,77056,0.001,11.229,2
numerai28.6,stratified,0.1,1000,1,0.5018915245872994,1000,77056,0.01,11.035,2
numerai28.6,coreset,0.1,1000,1,0.4987136008630694,1000,77056,1.232,10.138,2
numerai28.6,prototype,0.1,1000,1,0.49972120984605695,1000,77056,13.993,9.996,2
numerai28.6,stratified_coreset,0.1,1000,1,0.5031486605591261,1000,77056,0.605,10.043,2
numerai28.6,random,0.1,1000,2,0.5114875824969228,1000,77056,0.001,10.935,2
numerai28.6,stratified,0.1,1000,2,0.50593128152741,1000,77056,0.01,10.79,2
numerai28.6,coreset,0.1,1000,2,0.5077652398883463,1000,77056,1.116,9.909,2
numerai28.6,prototype,0.1,1000,2,0.5008963569499677,1000,77056,14.006,10.098,2
numerai28.6,stratified_coreset,0.1,1000,2,0.4983040965710851,1000,77056,0.791,10.175,2
numerai28.6,random,0.1,1000,3,0.5088753399567697,1000,77056,0.001,10.91,2
numerai28.6,stratified,0.1,1000,3,0.5101202946110651,1000,77056,0.01,10.721,2
numerai28.6,coreset,0.1,1000,3,0.5154380697816275,1000,77056,1.299,9.946,2
numerai28.6,prototype,0.1,1000,3,0.5035316019780699,1000,77056,14.0,10.627,2
numerai28.6,stratified_coreset,0.1,1000,3,0.49678265201164157,1000,77056,0.653,10.526,2
numerai28.6,random,0.1,1000,4,0.48339116358825374,1000,77056,0.001,10.866,2
numerai28.6,stratified,0.1,1000,4,0.5200326667332339,1000,77056,0.01,10.824,2
numerai28.6,coreset,0.1,1000,4,0.5051817204548844,1000,77056,1.295,10.278,2
numerai28.6,prototype,0.1,1000,4,0.5081899658267038,1000,77056,13.985,10.843,2
numerai28.6,stratified_coreset,0.1,1000,4,0.5157349618934784,1000,77056,0.625,9.955,2
numerai28.6,random,0.25,2500,1,0.5076257448005576,2500,77056,0.001,19.855,2
numerai28.6,stratified,0.25,2500,1,0.5160654776420618,2500,77056,0.009,19.369,2
numerai28.6,coreset,0.25,2500,1,0.5025307737284865,2500,77056,3.395,18.301,2
numerai28.6,prototype,0.25,2500,1,0.5114830220036599,2500,77056,14.597,18.308,2
numerai28.6,stratified_coreset,0.25,2500,1,0.49308367192995595,2500,77056,1.765,18.256,2
numerai28.6,random,0.25,2500,2,0.5121041491847759,2500,77056,0.001,18.168,2
numerai28.6,stratified,0.25,2500,2,0.50421117548074,2500,77056,0.011,19.26,2
numerai28.6,coreset,0.25,2500,2,0.5087841500936741,2500,77056,3.15,18.13,2
numerai28.6,prototype,0.25,2500,2,0.49797028046553515,2500,77056,14.01,17.713,2
numerai28.6,stratified_coreset,0.25,2500,2,0.4907815829360104,2500,77056,1.744,17.898,2
numerai28.6,random,0.25,2500,3,0.5117340291525931,2500,77056,0.001,17.944,2
numerai28.6,stratified,0.25,2500,3,0.5200068239380771,2500,77056,0.01,17.835,2
numerai28.6,coreset,0.25,2500,3,0.5149737995661612,2500,77056,3.486,18.305,2
numerai28.6,prototype,0.25,2500,3,0.5143168085060079,2500,77056,13.984,17.747,2
numerai28.6,stratified_coreset,0.25,2500,3,0.496854799815148,2500,77056,1.662,19.639,2
numerai28.6,random,0.25,2500,4,0.5055826038144285,2500,77056,0.001,18.072,2
numerai28.6,stratified,0.25,2500,4,0.5170484039553718,2500,77056,0.011,18.008,2
numerai28.6,coreset,0.25,2500,4,0.5063215837424976,2500,77056,3.485,17.56,2
numerai28.6,prototype,0.25,2500,4,0.4971692938308207,2500,77056,14.193,22.199,2
numerai28.6,stratified_coreset,0.25,2500,4,0.5019472506146265,2500,77056,1.782,19.824,2
numerai28.6,random,0.5,5000,1,0.5017235864231075,5000,77056,0.001,39.933,2
numerai28.6,stratified,0.5,5000,1,0.5177109956212864,5000,77056,0.012,40.703,2
numerai28.6,coreset,0.5,5000,1,0.5071051284906976,5000,77056,6.37,40.263,2
numerai28.6,prototype,0.5,5000,1,0.5096165401249799,5000,77056,14.463,38.836,2
numerai28.6,stratified_coreset,0.5,5000,1,0.49823648925867825,5000,77056,3.173,41.629,2
numerai28.6,random,0.5,5000,2,0.5165662318036319,5000,77056,0.001,45.125,2
numerai28.6,stratified,0.5,5000,2,0.5160170924087149,5000,77056,0.011,43.769,2
numerai28.6,coreset,0.5,5000,2,0.5149058522169758,5000,77056,6.161,40.863,2
numerai28.6,prototype,0.5,5000,2,0.5018699422529541,5000,77056,14.218,40.383,2
numerai28.6,stratified_coreset,0.5,5000,2,0.5046048380592845,5000,77056,3.424,41.034,2
numerai28.6,random,0.5,5000,3,0.5153503802971329,5000,77056,0.001,41.017,2
numerai28.6,stratified,0.5,5000,3,0.5181098987666506,5000,77056,0.011,41.014,2
numerai28.6,coreset,0.5,5000,3,0.5257089406790239,5000,77056,5.922,39.645,2
numerai28.6,prototype,0.5,5000,3,0.5104955752014138,5000,77056,14.182,39.031,2
numerai28.6,stratified_coreset,0.5,5000,3,0.48969890583365494,5000,77056,3.397,44.065,2
numerai28.6,random,0.5,5000,4,0.5231662056568038,5000,77056,0.001,42.588,2
numerai28.6,stratified,0.5,5000,4,0.5108900378664957,5000,77056,0.012,42.27,2
numerai28.6,coreset,0.5,5000,4,0.511124463221942,5000,77056,6.122,40.49,2
numerai28.6,prototype,0.5,5000,4,0.5123644573397058,5000,77056,14.181,40.543,2
numerai28.6,stratified_coreset,0.5,5000,4,0.5059452430374869,5000,77056,3.242,41.473,2
numerai28.6,random,1.0,10000,1,0.5115225462786055,10000,77056,0.001,98.25,2
numerai28.6,stratified,1.0,10000,1,0.5142841849774471,10000,77056,0.011,98.771,2
numerai28.6,coreset,1.0,10000,1,0.5009777257508172,10000,77056,12.277,94.123,2
numerai28.6,prototype,1.0,10000,1,0.510532499195113,10000,77056,14.117,93.186,2
numerai28.6,stratified_coreset,1.0,10000,1,0.5072643457116321,10000,77056,6.474,94.758,2
numerai28.6,random,1.0,10000,2,0.5120047384325088,10000,77056,0.001,95.369,2
numerai28.6,stratified,1.0,10000,2,0.5078488889358274,10000,77056,0.011,95.146,2
numerai28.6,coreset,1.0,10000,2,0.5191756940430677,10000,77056,12.947,92.4,2
numerai28.6,prototype,1.0,10000,2,0.49006354527305673,10000,77056,14.084,94.333,2
numerai28.6,stratified_coreset,1.0,10000,2,0.4972217595055081,10000,77056,6.567,93.336,2
numerai28.6,random,1.0,10000,3,0.518798333227722,10000,77056,0.001,89.266,2
numerai28.6,stratified,1.0,10000,3,0.5161961917801029,10000,77056,0.011,91.22,2
numerai28.6,coreset,1.0,10000,3,0.5211919521215415,10000,77056,11.91,91.304,2
numerai28.6,prototype,1.0,10000,3,0.5178959156222337,10000,77056,13.925,89.429,2
numerai28.6,stratified_coreset,1.0,10000,3,0.5008613531639583,10000,77056,6.441,91.296,2
numerai28.6,random,1.0,10000,4,0.5200478883796071,10000,77056,0.001,91.414,2
numerai28.6,stratified,1.0,10000,4,0.5158389531411718,10000,77056,0.01,91.041,2
numerai28.6,coreset,1.0,10000,4,0.5083664449146821,10000,77056,11.909,88.932,2
numerai28.6,prototype,1.0,10000,4,0.5057142380519877,10000,77056,13.88,88.565,2
numerai28.6,stratified_coreset,1.0,10000,4,0.5105508611811453,10000,77056,6.966,90.162,2
